date,AAPL,ABBV,ABT,AMGN,AMZN,AVGO
2010-01-04,214.01,,54.46,57.7153,133.9,18.86
2010-01-05,214.38,,54.02,57.22,134.69,19.0
2010-01-06,210.97,,54.32,56.79,132.25,19.15
2010-01-07,210.58,,54.77,56.27,130.0,19.03
2010-01-08,211.98,,55.05,56.77,133.52,19.17
2010-01-11,210.11,,55.33,57.02,130.308,19.29
2010-01-12,207.72,,55.17,56.03,127.35,19.0
2010-01-13,210.65,,55.29,56.53,129.11,18.42
2010-01-14,209.43,,55.35,56.16,127.35,18.43
2010-01-15,205.93,,55.49,56.25,127.14,18.24
2010-01-19,215.04,,56.2,57.55,127.61,17.81
2010-01-20,211.725,,56.24,57.2,125.78,17.96
2010-01-21,208.072,,55.56,56.63,126.62,17.985
2010-01-22,197.75,,54.51,56.6,121.43,17.56
2010-01-25,203.075,,54.7,55.71,120.31,17.65
2010-01-26,205.94,,54.48,56.58,119.48,17.76
2010-01-27,207.884,,53.9,57.74,122.75,17.41
2010-01-28,199.29,,53.95,58.08,126.03,17.72
2010-01-29,192.063,,52.94,58.48,125.41,17.38
2010-02-01,194.73,,53.34,58.72,118.87,17.5
2010-02-02,195.86,,54.44,59.23,118.12,17.7
2010-02-03,199.23,,54.65,59.07,119.1,17.62
2010-02-04,192.05,,53.82,57.53,115.94,17.22
2010-02-05,195.46,,53.97,57.68,117.39,17.2
2010-02-08,194.12,,53.35,57.46,116.83,17.01
2010-02-09,196.19,,53.35,57.21,118.03,16.99
2010-02-10,195.116,,53.26,56.84,117.36,16.8
2010-02-11,198.67,,53.54,56.501,120.09,17.13
2010-02-12,200.38,,53.93,56.48,119.66,17.36
2010-02-16,203.4,,54.59,56.99,117.53,17.48
2010-02-17,202.55,,54.75,57.2,116.31,17.41
2010-02-18,202.928,,54.97,57.27,118.08,17.45
2010-02-19,201.67,,54.38,57.38,117.52,17.53
2010-02-22,200.416,,54.4,57.1,118.01,17.35
2010-02-23,197.059,,53.97,56.38,117.24,17.38
2010-02-24,200.656,,54.33,56.74,119.72,17.74
2010-02-25,202.0,,54.12,56.25,118.2,18.09
2010-02-26,204.62,,54.28,56.61,118.4,18.15
2010-03-01,208.99,,54.29,56.9,124.54,18.3
2010-03-02,208.85,,54.58,56.87,125.53,18.72
2010-03-03,209.33,,54.08,56.9,125.89,18.91
2010-03-04,210.71,,54.08,56.77,128.53,19.06
2010-03-05,218.95,,54.32,57.24,128.91,19.36
2010-03-08,219.08,,54.42,57.61,130.11,19.31
2010-03-09,223.02,,54.8,57.76,128.82,19.35
2010-03-10,224.84,,55.03,57.78,130.51,19.74
2010-03-11,225.5,,55.54,57.49,133.58,19.86
2010-03-12,226.6,,54.52,57.43,131.82,19.65
2010-03-15,223.84,,54.8,56.89,131.13,19.42
2010-03-16,224.45,,54.68,57.42,131.79,19.5
2010-03-17,224.12,,54.5,57.43,131.34,19.89
2010-03-18,224.65,,53.77,58.31,132.76,19.98
2010-03-19,222.2499,,53.46,60.0,130.35,20.11
2010-03-22,224.75,,53.87,60.09,130.47,19.94
2010-03-23,228.36,,54.34,60.06,129.26,20.22
2010-03-24,229.37,,53.87,59.07,128.04,19.62
2010-03-25,226.65,,53.52,59.26,134.73,19.65
2010-03-26,230.9,,52.9,59.41,135.06,19.91
2010-03-29,232.39,,53.12,59.91,135.12,20.22
2010-03-30,235.845,,52.51,60.09,136.579,20.38
2010-03-31,235.0,,52.68,59.8375,135.77,20.5625
2010-04-01,235.97,,52.96,60.8,131.81,20.5
2010-04-05,238.49,,52.93,60.42,131.49,20.26
2010-04-06,239.54,,52.84,60.29,135.56,20.68
2010-04-07,240.6,,52.5,60.35,134.87,20.48
2010-04-08,239.95,,52.28,60.52,140.96,20.1
2010-04-09,241.79,,52.73,60.9,140.06,20.01
2010-04-12,242.29,,52.67,60.37,141.2,20.02
2010-04-13,242.43,,52.28,60.68,140.16,20.15
2010-04-14,245.69,,52.31,61.14,144.28,21.55
2010-04-15,248.92,,52.36,60.64,145.82,21.96
2010-04-16,247.4,,52.26,60.72,142.171,21.88
2010-04-19,247.07,,52.91,61.07,142.43,21.9
2010-04-20,244.59,,53.06,60.18,144.2,22.37
2010-04-21,259.22,,51.78,58.71,146.43,21.84
2010-04-22,266.4695,,51.12,58.16,150.09,21.53
2010-04-23,270.83,,51.2,58.88,143.63,21.49
2010-04-26,269.5,,50.37,58.43,147.11,21.79
2010-04-27,262.04,,49.77,57.84,142.02,21.0
2010-04-28,261.6,,50.27,58.18,139.35,21.01
2010-04-29,268.64,,50.75,58.59,141.73,21.4
2010-04-30,261.09,,51.16,57.31,137.1,20.51
2010-05-03,266.35,,50.87,57.59,137.49,21.12
2010-05-04,258.68,,50.19,56.83,129.83,20.05
2010-05-05,255.985,,50.15,56.6,130.93,19.59
2010-05-06,246.25,,49.0,54.75,128.71,19.2
2010-05-07,235.86,,48.72,54.46,124.98,19.29
2010-05-10,253.99,,49.69,55.58,131.29,20.74
2010-05-11,256.52,,49.4,55.93,130.46,20.66
2010-05-12,262.09,,49.15,56.6,133.87,20.72
2010-05-13,258.36,,48.61,55.88,131.47,20.46
2010-05-14,253.82,,48.5,54.69,128.533,20.23
2010-05-17,254.22,,48.43,54.81,128.91,20.52
2010-05-18,252.36,,48.05,54.67,126.28,20.08
2010-05-19,248.34,,47.94,55.26,124.59,20.02
2010-05-20,237.76,,46.48,52.94,119.71,20.1
2010-05-21,242.32,,46.94,52.44,122.72,19.81
2010-05-24,246.76,,47.56,52.66,122.12,19.39
2010-05-25,245.22,,47.23,52.55,124.86,19.23
2010-05-26,244.109,,47.17,50.36,123.21,20.02
2010-05-27,253.35,,47.87,51.43,126.7,21.34
2010-05-28,256.88,,47.56,51.78,125.46,20.65
2010-06-01,260.83,,46.94,50.76,123.24,20.39
2010-06-02,263.95,,47.48,56.09,126.31,21.11
2010-06-03,263.12,,47.73,55.64,128.76,21.66
2010-06-04,255.965,,46.53,54.34,122.77,20.81
2010-06-07,250.94,,46.23,53.51,122.01,20.77
2010-06-08,249.33,,46.31,53.82,118.835,21.09
2010-06-09,243.2,,45.86,53.15,117.91,21.07
2010-06-10,250.51,,47.2,54.01,123.21,21.8
2010-06-11,253.51,,47.2,54.1,123.03,21.93
2010-06-14,254.28,,47.33,54.07,123.83,21.51
2010-06-15,259.69,,48.17,55.12,126.84,22.25
2010-06-16,267.25,,48.79,55.22,126.9,22.88
2010-06-17,271.87,,48.63,55.44,125.89,23.35
2010-06-18,274.074,,48.77,55.2,125.83,23.04
2010-06-21,270.17,,48.3,56.52,122.55,22.99
2010-06-22,273.85,,47.99,56.12,122.307,22.26
2010-06-23,270.97,,47.56,56.2,121.45,22.54
2010-06-24,269.0,,47.46,56.15,118.33,21.24
2010-06-25,266.7,,47.19,56.26,121.0,21.47
2010-06-28,268.3,,47.18,55.41,117.8,21.75
2010-06-29,256.17,,46.65,54.12,108.61,20.97
2010-06-30,251.53,,46.78,52.6,109.26,21.06
2010-07-01,248.48,,46.46,52.02,110.96,21.41
2010-07-02,246.94,,46.46,51.7,109.14,21.57
2010-07-06,248.63,,46.69,51.3,110.06,20.87
2010-07-07,258.665,,47.71,51.395,113.43,21.67
2010-07-08,258.09,,48.1,52.23,116.22,21.79
2010-07-09,259.62,,48.03,52.56,117.26,22.01
2010-07-12,257.285,,47.82,52.44,119.51,22.1
2010-07-13,251.798,,47.67,52.76,123.65,22.48
2010-07-14,252.727,,47.85,52.62,123.3,22.29
2010-07-15,251.45,,48.02,52.92,122.06,22.91
2010-07-16,249.9,,47.07,52.17,118.49,21.99
2010-07-19,245.58,,47.41,53.596,119.94,22.27
2010-07-20,251.89,,47.47,53.2,120.1,22.0
2010-07-21,254.24,,48.68,52.25,117.43,21.77
2010-07-22,259.024,,49.01,53.31,120.07,22.85
2010-07-23,259.94,,48.93,52.75,118.87,22.88
2010-07-26,259.28,,49.24,53.67,118.4,22.8
2010-07-27,264.08,,49.27,54.51,117.13,22.42
2010-07-28,260.96,,49.22,53.76,117.13,21.8
2010-07-29,258.11,,48.98,53.37,116.86,21.77
2010-07-30,257.25,,49.08,54.53,117.89,21.76
2010-08-02,261.85,,49.83,54.87,120.07,21.83
2010-08-03,261.93,,50.0,54.71,122.42,21.6
2010-08-04,262.98,,50.18,55.76,127.58,22.34
2010-08-05,261.7,,49.98,55.32,127.83,22.74
2010-08-06,260.091,,50.57,55.94,128.32,22.59
2010-08-09,261.75,,50.88,55.66,128.83,22.9
2010-08-10,259.41,,51.47,55.72,130.0,22.3
2010-08-11,250.19,,50.39,53.69,125.89,20.23
2010-08-12,251.79,,50.39,54.75,126.56,20.41
2010-08-13,249.1,,50.06,55.02,124.69,19.99
2010-08-16,247.64,,50.34,54.08,126.07,20.27
2010-08-17,251.97,,50.69,53.955,128.86,20.37
2010-08-18,253.07,,50.23,54.14,129.65,20.75
2010-08-19,249.88,,49.32,52.72,127.57,20.51
2010-08-20,249.64,,49.34,52.34,127.76,20.43
2010-08-23,245.8,,49.78,51.95,126.6,20.4
2010-08-24,239.93,,49.48,51.06,124.53,20.24
2010-08-25,242.89,,49.82,51.84,126.85,20.29
2010-08-26,240.28,,49.5,50.93,124.86,20.6
2010-08-27,241.62,,49.84,52.08,126.64,20.31
2010-08-30,242.5,,49.49,51.63,123.79,20.0
2010-08-31,243.1,,49.34,51.04,124.83,20.15
2010-09-01,250.33,,50.27,52.59,132.49,21.0
2010-09-02,252.17,,50.61,52.51,135.21,21.05
2010-09-03,258.77,,50.74,52.91,138.79,20.98
2010-09-07,257.81,,50.49,52.51,137.22,20.58
2010-09-08,262.92,,50.45,52.94,139.14,20.08
2010-09-09,263.07,,51.09,53.79,140.38,19.67
2010-09-10,263.41,,51.54,54.35,142.44,18.65
2010-09-13,267.04,,51.45,54.4,145.07,18.95
2010-09-14,268.06,,51.41,54.515,145.75,19.9
2010-09-15,270.22,,51.66,55.3,145.45,19.11
2010-09-16,276.57,,51.61,55.1,148.13,19.25
2010-09-17,275.37,,51.64,55.22,148.325,20.04
2010-09-20,283.23,,52.26,55.9401,151.3048,20.63
2010-09-21,283.77,,52.15,55.75,150.73,20.77
2010-09-22,287.75,,51.99,56.27,151.83,20.76
2010-09-23,288.92,,51.6,55.72,152.85,21.33
2010-09-24,292.32,,51.94,56.32,160.73,21.58
2010-09-27,291.164,,52.1,55.69,159.37,21.95
2010-09-28,286.86,,52.38,56.0,159.7,22.3
2010-09-29,287.37,,52.49,54.94,158.99,22.33
2010-09-30,283.75,,52.24,55.11,157.06,22.51
2010-10-01,282.52,,52.58,55.51,153.71,22.63
2010-10-04,278.64,,52.51,55.05,155.39,22.31
2010-10-05,288.94,,53.08,56.12,160.87,22.45
2010-10-06,289.19,,52.98,55.83,155.4,22.28
2010-10-07,289.22,,52.58,55.96,156.27,22.88
2010-10-08,294.07,,52.81,56.39,155.55,22.2
2010-10-11,295.36,,52.81,56.1,153.03,22.34
2010-10-12,298.54,,53.51,55.94,156.48,22.02
2010-10-13,300.14,,53.18,55.49,155.17,22.0
2010-10-14,302.31,,53.21,54.86,155.53,22.42
2010-10-15,314.74,,53.17,56.71,164.64,22.69
2010-10-18,318.0,,53.67,57.96,163.56,22.74
2010-10-19,309.49,,52.87,57.33,158.67,22.39
2010-10-20,310.53,,52.42,57.73,158.67,22.1
2010-10-21,309.52,,52.84,57.62,164.97,21.95
2010-10-22,307.47,,52.56,57.55,169.13,22.4775
2010-10-25,308.84,,52.51,57.95,169.0,22.86
2010-10-26,308.05,,52.69,57.26,169.95,23.42
2010-10-27,307.83,,51.64,57.03,167.51,23.7
2010-10-28,305.24,,51.75,57.27,166.84,23.43
2010-10-29,300.98,,51.32,57.19,165.23,24.68
2010-11-01,304.18,,50.6,57.43,162.58,23.83
2010-11-02,309.36,,50.88,57.34,164.61,24.08
2010-11-03,312.8,,51.04,57.3,168.47,24.68
2010-11-04,318.27,,50.88,56.01,168.93,25.29
2010-11-05,317.13,,50.92,55.42,170.77,25.37
2010-11-08,318.62,,50.45,55.29,171.99,25.25
2010-11-09,316.08,,50.05,54.93,170.27,24.83
2010-11-10,318.03,,50.17,54.7,173.33,24.61
2010-11-11,316.655,,49.78,54.62,170.37,24.85
2010-11-12,308.03,,48.58,54.47,165.68,25.72
2010-11-15,307.035,,48.16,54.51,158.9,25.17
2010-11-16,301.59,,47.66,54.03,157.78,24.9
2010-11-17,300.5,,47.8,53.87,158.35,24.6
2010-11-18,308.43,,47.62,55.14,164.17,25.07
2010-11-19,306.73,,47.4,55.0,164.82,25.27
2010-11-22,313.36,,47.25,54.74,170.39,26.01
2010-11-23,308.73,,46.95,53.6,168.2,25.98
2010-11-24,314.795,,46.96,53.83,177.25,26.3
2010-11-26,315.0,,46.8,53.56,177.2,27.01
2010-11-29,316.87,,46.49,53.32,179.49,26.92
2010-11-30,311.15,,46.51,52.69,175.4,26.11
2010-12-01,316.4,,47.01,53.52,176.55,26.86
2010-12-02,318.15,,47.61,53.84,176.53,28.41
2010-12-03,317.44,,47.37,53.73,175.68,26.55
2010-12-06,320.15,,46.92,53.4,178.05,26.85
2010-12-07,318.21,,46.89,53.13,176.77,24.86
2010-12-08,321.01,,46.73,53.28,176.29,25.4
2010-12-09,319.7575,,47.13,53.4,174.85,26.41
2010-12-10,320.56,,47.62,53.89,175.62,26.4
2010-12-13,321.67,,47.48,54.1075,174.25,26.58
2010-12-14,320.29,,48.05,56.76,173.94,26.29
2010-12-15,320.36,,48.12,55.67,175.57,26.4
2010-12-16,321.25,,48.56,56.63,178.04,27.64
2010-12-17,320.61,,48.4,57.42,177.58,28.17
2010-12-20,322.21,,48.27,57.65,183.29,27.81
2010-12-21,324.205,,48.0,57.39,184.75,27.88
2010-12-22,325.16,,47.84,56.95,184.76,28.14
2010-12-23,323.6,,47.81,56.71,182.59,28.13
2010-12-27,324.68,,47.38,56.44,182.14,28.76
2010-12-28,325.47,,47.39,55.96,181.09,28.3
2010-12-29,325.29,,47.42,55.87,183.37,28.63
2010-12-30,323.66,,47.57,55.53,182.75,28.88
2010-12-31,322.56,,47.91,54.9,180.0,28.4125
2011-01-03,329.57,,47.82,55.55,184.22,27.8
2011-01-04,331.29,,48.27,56.75,185.01,28.0
2011-01-05,334.0,,48.27,56.73,187.42,27.99
2011-01-06,333.73,,48.17,56.55,185.86,28.52
2011-01-07,336.12,,48.37,56.9775,185.49,28.275
2011-01-10,342.455,,47.94,56.44,184.68,28.9
2011-01-11,341.64,,47.84,56.19,184.34,29.24
2011-01-12,344.42,,47.58,56.85,184.08,28.17
2011-01-13,345.68,,47.37,56.32,185.53,28.35
2011-01-14,348.48,,46.89,56.5,188.75,29.01
2011-01-18,340.65,,47.2,57.29,191.25,27.75
2011-01-19,338.84,,47.33,56.98,186.87,27.76
2011-01-20,332.68,,47.96,57.31,181.96,27.7
2011-01-21,326.72,,47.92,56.97,177.42,27.77
2011-01-24,337.45,,48.17,57.29,176.85,28.09
2011-01-25,341.4,,47.96,57.16,176.7,28.015
2011-01-26,343.85,,46.75,56.48,175.39,28.25
2011-01-27,343.21,,46.38,56.48,184.45,29.22
2011-01-28,336.1,,45.49,55.29,171.14,28.05
2011-01-31,339.32,,45.16,55.08,169.64,28.71
2011-02-01,345.03,,45.23,55.71,172.11,29.07
2011-02-02,344.32,,45.73,55.63,173.53,28.8
2011-02-03,343.44,,46.0,55.45,173.71,29.41
2011-02-04,346.5,,46.12,55.2,175.93,31.2
2011-02-07,351.88,,45.69,54.88,176.43,30.79
2011-02-08,355.2,,45.61,54.94,183.06,31.91
2011-02-09,358.16,,45.54,54.425,185.3,32.77
2011-02-10,354.54,,45.49,54.27,186.21,32.48
2011-02-11,356.85,,45.56,53.74,189.25,33.29
2011-02-14,359.18,,45.98,53.86,190.42,34.04
2011-02-15,359.9,,46.75,53.84,189.03,33.71
2011-02-16,363.13,,46.26,52.95,186.62,34.38
2011-02-17,358.3,,46.32,52.41,187.76,33.63
2011-02-18,350.56,,46.88,52.24,186.5,33.85
2011-02-22,338.61,,46.97,51.88,180.42,32.6
2011-02-23,342.62,,46.47,51.07,176.68,31.34
2011-02-24,342.88,,47.2,50.95,177.75,33.98
2011-02-25,348.16,,47.64,52.26,177.24,34.36
2011-02-28,353.21,,48.1,51.33,173.29,33.99
2011-03-01,349.31,,47.5,51.91,169.44,32.07
2011-03-02,352.12,,47.68,51.39,172.02,32.46
2011-03-03,359.56,,48.35,52.37,172.79,33.0
2011-03-04,360.0,,48.69,52.32,171.67,32.79
2011-03-07,355.36,,48.5,51.74,169.08,31.98
2011-03-08,355.76,,48.7,52.52,166.89,32.39
2011-03-09,352.47,,49.07,52.48,169.05,31.0
2011-03-10,346.67,,48.5,51.84,166.14,31.0075
2011-03-11,351.99,,48.46,53.53,168.07,31.23
2011-03-14,353.56,,48.22,53.52,166.73,31.0
2011-03-15,345.43,,47.65,53.0,165.08,31.07
2011-03-16,330.01,,46.71,52.69,164.7,29.56
2011-03-17,334.64,,47.26,53.56,160.97,29.32
2011-03-18,330.67,,47.91,52.94,161.82,30.32
2011-03-21,339.3,,48.03,53.09,164.525,30.99
2011-03-22,341.2,,47.96,52.7825,162.6,30.71
2011-03-23,339.19,,47.99,52.69,165.32,31.01
2011-03-24,344.97,,48.11,53.27,171.1,31.07
2011-03-25,351.54,,48.03,53.15,170.98,30.85
2011-03-28,350.44,,48.08,52.65,169.35,30.99
2011-03-29,350.96,,48.38,53.43,174.62,30.97
2011-03-30,348.63,,48.96,53.9,179.42,31.49
2011-03-31,348.5075,,49.05,53.45,180.13,31.1
2011-04-01,344.56,,49.37,53.08,180.13,31.52
2011-04-04,341.19,,50.25,54.03,182.94,30.6
2011-04-05,338.89,,49.99,54.07,185.29,31.67
2011-04-06,338.04,,50.68,54.03,182.76,32.77
2011-04-07,338.08,,50.49,53.97,184.91,32.47
2011-04-08,335.06,,50.49,53.9,184.71,32.57
2011-04-11,330.8,,50.91,54.31,184.04,32.23
2011-04-12,332.4,,51.03,54.62,180.48,31.37
2011-04-13,336.13,,50.45,54.94,182.29,31.8
2011-04-14,332.42,,51.0,54.83,181.82,31.07
2011-04-15,327.46,,51.9,55.51,180.01,31.74
2011-04-18,331.85,,51.28,55.22,178.34,31.6
2011-04-19,337.86,,51.09,55.18,178.82,31.77
2011-04-20,342.41,,50.8,56.18,183.87,32.56
2011-04-21,350.696,,51.8,53.69,185.89,32.6
2011-04-25,353.009,,51.32,54.69,185.42,32.24
2011-04-26,350.42,,51.77,56.22,182.3,32.35
2011-04-27,350.15,,52.18,56.82,196.63,33.39
2011-04-28,346.75,,52.29,57.14,195.07,32.89
2011-04-29,350.13,,52.04,56.85,195.81,33.46
2011-05-02,346.28,,52.59,57.38,201.19,33.15
2011-05-03,348.2,,52.85,57.5,198.45,32.16
2011-05-04,349.57,,52.94,57.68,199.97,32.54
2011-05-05,346.75,,52.57,57.42,197.11,33.24
2011-05-06,346.66,,52.52,57.63,197.6,34.91
2011-05-09,347.6,,52.66,57.69,200.8,35.46
2011-05-10,349.45,,52.84,58.3,203.94,35.81
2011-05-11,347.23,,53.05,58.86,204.38,35.87
2011-05-12,346.57,,53.53,59.66,206.07,35.06
2011-05-13,340.5,,53.49,60.47,202.56,34.89
2011-05-16,333.3,,54.0,59.86,192.51,34.26
2011-05-17,336.14,,53.5,60.89,194.81,34.27
2011-05-18,339.87,,53.82,61.17,197.09,34.63
2011-05-19,340.53,,53.42,61.035,198.805,34.81
2011-05-20,335.22,,53.51,60.86,198.65,34.39
2011-05-23,334.4,,53.25,60.46,196.22,32.03
2011-05-24,332.19,,53.33,59.92,193.27,31.71
2011-05-25,336.78,,52.97,59.84,192.26,34.5
2011-05-26,335.0,,52.14,59.76,195.0,34.71
2011-05-27,337.41,,51.55,59.35,194.13,35.01
2011-05-31,347.83,,52.25,60.54,196.69,33.79
2011-06-01,345.51,,51.92,59.7,192.395,33.77
2011-06-02,346.102,,51.25,59.25,193.65,33.52
2011-06-03,343.44,,51.08,58.69,188.32,33.89
2011-06-06,338.04,,51.02,58.6,185.69,33.33
2011-06-07,332.04,,51.38,58.83,187.55,34.05
2011-06-08,332.24,,51.53,58.95,188.05,33.41
2011-06-09,331.49,,51.53,58.88,189.68,34.23
2011-06-10,325.9,,50.9,57.99,186.53,33.77
2011-06-13,326.6,,51.4,58.39,186.29,33.47
2011-06-14,332.44,,51.29,58.53,189.96,34.22
2011-06-15,326.75,,51.31,57.89,185.98,33.56
2011-06-16,325.16,,51.31,58.34,183.65,33.37
2011-06-17,320.26,,51.68,58.01,186.37,32.5
2011-06-20,315.32,,52.02,58.45,187.72,32.75
2011-06-21,325.3,,52.26,58.17,194.23,34.07
2011-06-22,322.61,,52.08,58.155,191.63,36.0
2011-06-23,331.23,,51.92,57.93,194.16,35.82
2011-06-24,326.35,,51.75,57.04,192.55,35.52
2011-06-27,332.04,,51.9,57.88,201.25,35.45
2011-06-28,335.26,,52.25,58.65,202.35,36.95
2011-06-29,334.04,,52.16,57.78,204.18,37.71
2011-06-30,335.67,,52.62,58.35,204.49,38.0
2011-07-01,343.26,,53.1,58.28,209.49,38.66
2011-07-05,349.43,,53.16,57.92,213.19,38.96
2011-07-06,351.76,,53.28,57.7,214.19,39.08
2011-07-07,357.2,,53.54,57.91,216.74,38.66
2011-07-08,359.71,,53.33,57.64,218.28,37.96
2011-07-11,354.0,,53.18,56.9,212.55,37.39
2011-07-12,353.75,,53.29,56.9,211.23,35.41
2011-07-13,358.02,,52.77,56.61,213.5,35.38
2011-07-14,357.77,,53.16,55.68,210.38,35.18
2011-07-15,364.92,,53.04,55.05,212.87,35.51
2011-07-18,373.8,,52.54,54.66,211.53,35.0
2011-07-19,376.85,,52.89,55.27,218.06,36.2
2011-07-20,386.9,,52.4,54.99,215.55,36.07
2011-07-21,387.29,,52.85,55.485,213.21,36.76
2011-07-22,393.3,,52.95,55.22,216.52,37.07
2011-07-25,398.5,,52.58,54.9,213.49,36.09
2011-07-26,403.41,,52.18,54.7,214.18,36.66
2011-07-27,392.59,,51.83,53.8,222.518,33.63
2011-07-28,391.82,,51.62,53.43,223.9,34.64
2011-07-29,390.48,,51.32,54.7,222.52,33.63
2011-08-01,396.75,,50.47,53.77,221.32,33.2
2011-08-02,388.91,,50.2,53.31,211.7,32.05
2011-08-03,392.57,,50.29,53.32,209.96,32.78
2011-08-04,377.37,,48.77,51.56,201.48,30.9
2011-08-05,373.62,,50.23,52.12,202.7,29.34
2011-08-08,353.21,,48.06,49.88,193.7,27.19
2011-08-09,374.01,,48.56,50.55,205.09,29.63
2011-08-10,363.69,,46.89,48.27,194.13,29.25
2011-08-11,373.7,,49.38,49.64,198.36,30.71
2011-08-12,376.99,,49.63,50.0,202.3,31.04
2011-08-15,383.41,,49.91,51.6,202.95,31.61
2011-08-16,380.48,,50.07,51.27,197.68,30.97
2011-08-17,380.44,,50.15,51.72,195.93,30.7
2011-08-18,366.05,,48.87,51.44,182.52,28.61
2011-08-19,356.03,,49.08,51.98,178.93,28.29
2011-08-22,356.44,,49.38,52.31,177.54,27.64
2011-08-23,373.6,,50.51,53.62,193.55,29.26
2011-08-24,376.18,,51.11,54.25,193.73,32.27
2011-08-25,373.72,,49.94,53.455,192.03,30.88
2011-08-26,383.58,,50.15,54.08,199.27,31.52
2011-08-29,389.97,,51.21,54.79,206.53,32.85
2011-08-30,389.99,,51.74,55.24,210.92,33.13
2011-08-31,384.83,,52.51,55.405,215.23,33.11
2011-09-01,381.03,,51.94,55.02,212.54,31.56
2011-09-02,374.05,,51.04,54.1,210.0,31.13
2011-09-06,379.74,,51.29,54.52,216.18,31.46
2011-09-07,383.93,,52.3,55.38,219.9,32.7
2011-09-08,384.14,,51.44,55.31,217.26,33.09
2011-09-09,377.48,,50.43,54.045,211.39,32.3
2011-09-12,379.94,,50.51,54.06,216.56,33.53
2011-09-13,384.62,,50.58,54.91,219.53,34.32
2011-09-14,389.3,,50.92,55.26,222.57,36.56
2011-09-15,392.96,,51.29,56.26,226.78,36.74
2011-09-16,400.5,,52.17,56.71,239.3,36.49
2011-09-19,411.63,,51.99,56.53,241.69,37.35
2011-09-20,413.45,,52.77,57.37,233.25,36.32
2011-09-21,412.14,,51.74,56.04,231.87,
2011-09-22,401.82,,50.69,55.04,223.23,
2011-09-23,404.3,,50.96,55.1,223.61,
2011-09-26,403.17,,50.75,55.43,229.85,
2011-09-27,399.26,,51.2,56.52,224.21,
2011-09-28,397.01,,50.91,55.67,229.71,
2011-09-29,390.57,,51.85,55.78,222.44,
2011-09-30,381.32,,51.14,54.96,216.23,
2011-10-03,374.6,,50.15,53.9,211.98,
2011-10-04,372.5,,50.5,54.35,212.5,
2011-10-05,378.25,,51.11,55.93,219.498,
2011-10-06,377.37,,51.18,56.83,221.51,
2011-10-07,369.8,,51.53,56.27,224.74,
2011-10-10,388.81,,52.62,57.37,231.32,
2011-10-11,400.29,,52.7,57.09,235.48,
2011-10-12,402.19,,52.33,56.64,236.81,
2011-10-13,408.43,,52.15,56.98,236.15,
2011-10-14,422.0,,52.73,57.49,246.71,
2011-10-17,419.99,,52.04,56.44,242.33,
2011-10-18,422.24,,52.44,57.28,243.88,
2011-10-19,398.62,,53.25,57.32,231.53,
2011-10-20,395.31,,54.05,57.27,233.61,
2011-10-21,392.87,,53.86,58.59,234.78,
2011-10-24,405.77,,53.45,58.95,237.61,
2011-10-25,397.77,,52.99,56.47,227.15,
2011-10-26,400.6,,53.65,56.95,198.4,
2011-10-27,404.69,,54.28,58.06,206.78,
2011-10-28,404.95,,54.22,57.24,217.32,
2011-10-31,404.78,,53.87,57.27,213.51,
2011-11-01,396.51,,52.76,55.54,212.105,
2011-11-02,397.41,,52.88,54.8,215.62,
2011-11-03,403.07,,53.84,55.7,218.29,
2011-11-04,400.24,,53.33,55.17,216.48,
2011-11-07,399.73,,53.63,58.43,217.0,
2011-11-08,406.23,,54.26,58.0,217.99,
2011-11-09,395.28,,52.94,57.51,211.22,
2011-11-10,385.22,,53.95,57.96,210.79,
2011-11-11,384.62,,54.53,57.86,217.39,
2011-11-14,379.26,,54.24,57.33,218.93,
2011-11-15,388.83,,54.5,56.59,217.83,
2011-11-16,384.77,,53.77,56.01,211.99,
2011-11-17,377.41,,53.41,55.91,204.52,
2011-11-18,374.94,,53.52,55.57,197.14,
2011-11-21,369.01,,52.77,54.97,189.25,
2011-11-22,376.51,,52.69,55.66,192.34,
2011-11-23,366.99,,52.35,54.94,188.99,
2011-11-25,363.57,,52.05,54.65,182.399,
2011-11-28,376.12,,53.2,55.9,194.15,
2011-11-29,373.2,,53.05,56.14,188.39,
2011-11-30,382.2,,54.55,57.91,192.29,
2011-12-01,387.93,,54.52,58.0,197.13,
2011-12-02,389.7,,54.15,58.1,196.03,
2011-12-05,393.01,,54.31,57.5,196.24,
2011-12-06,390.95,,54.54,57.89,191.99,
2011-12-07,389.09,,54.7,58.34,195.32,
2011-12-08,390.66,,54.18,58.405,190.48,
2011-12-09,393.62,,54.57,58.59,193.03,
2011-12-12,391.84,,54.27,57.16,189.52,
2011-12-13,388.81,,54.35,57.43,180.51,
2011-12-14,380.19,,54.23,57.62,180.21,
2011-12-15,378.94,,54.89,58.62,181.26,
2011-12-16,381.02,,54.89,60.05,181.26,
2011-12-19,382.21,,54.35,60.165,179.33,
2011-12-20,395.95,,54.86,61.16,182.52,
2011-12-21,396.445,,55.44,63.14,174.35,
2011-12-22,398.55,,55.65,63.335,179.03,
2011-12-23,403.33,,56.02,63.69,177.28,
2011-12-27,406.53,,56.23,64.42,176.27,
2011-12-28,402.64,,55.83,64.0,173.89,
2011-12-29,405.12,,56.33,64.74,173.86,
2011-12-30,405.0,,56.23,64.21,173.1,
2012-01-03,411.23,,56.72,64.11,179.03,
2012-01-04,413.44,,56.5,63.76,177.51,
2012-01-05,418.03,,56.37,64.41,177.61,
2012-01-06,422.4,,55.86,64.76,182.61,
2012-01-09,421.73,,55.85,64.2,178.56,
2012-01-10,423.24,,56.11,65.67,179.34,
2012-01-11,422.55,,55.42,66.4,178.9,
2012-01-12,421.39,,55.16,67.54,175.93,
2012-01-13,419.81,,55.43,67.6,178.42,
2012-01-17,424.7,,55.71,68.07,181.66,
2012-01-18,429.11,,55.36,69.22,189.44,
2012-01-19,427.75,,55.43,69.14,194.45,
2012-01-20,420.3,,55.76,69.57,190.93,
2012-01-23,427.409,,55.72,67.78,186.09,
2012-01-24,420.41,,55.98,68.19,187.0,
2012-01-25,446.66,,55.23,69.21,187.8,
2012-01-26,444.63,,54.87,68.08,193.316,
2012-01-27,447.28,,55.02,68.34,195.37,
2012-01-30,453.01,,54.47,68.33,192.15,
2012-01-31,456.48,,54.15,67.93,194.44,
2012-02-01,456.19,,54.26,69.84,179.46,
2012-02-02,455.12,,54.45,69.62,181.72,
2012-02-03,459.68,,55.0,69.28,187.68,
2012-02-06,463.97,,55.39,69.12,183.14,
2012-02-07,468.83,,55.71,69.17,184.19,
2012-02-08,476.68,,55.57,68.06,185.48,
2012-02-09,493.17,,55.26,66.84,184.98,
2012-02-10,493.42,,55.11,67.36,185.54,
2012-02-13,502.6,,55.16,68.2,191.59,
2012-02-14,509.46,,55.08,67.84,191.3,
2012-02-15,497.67,,55.46,67.9,184.47,
2012-02-16,502.21,,55.85,68.89,179.93,
2012-02-17,502.12,,56.36,67.78,182.5,
2012-02-21,514.85,,56.16,66.69,182.26,
2012-02-22,513.04,,56.23,66.79,180.58,
2012-02-23,516.39,,56.29,67.34,178.89,
2012-02-24,522.41,,56.7,67.73,179.13,
2012-02-27,525.76,,56.6,67.44,178.53,
2012-02-28,535.41,,57.04,68.15,183.8,
2012-02-29,542.44,,56.61,68.01,179.69,
2012-03-01,544.47,,57.32,67.59,180.04,
2012-03-02,545.18,,57.39,67.73,179.3,
2012-03-05,533.16,,57.28,67.23,180.26,
2012-03-06,530.26,,56.35,66.54,181.09,
2012-03-07,530.69,,56.26,66.95,183.77,
2012-03-08,541.99,,57.49,67.8,187.64,
2012-03-09,545.17,,57.95,68.01,184.32,
2012-03-12,552.0,,58.23,68.03,183.39,
2012-03-13,568.1,,58.93,68.91,184.59,
2012-03-14,589.58,,58.99,68.26,182.26,
2012-03-15,585.56,,59.11,68.26,184.43,
2012-03-16,585.57,,59.42,67.38,185.05,
2012-03-19,601.1,,60.22,68.05,185.52,
2012-03-20,605.96,,60.4,67.58,192.33,
2012-03-21,602.5,,60.39,67.05,191.73,
2012-03-22,599.34,,60.11,66.62,192.4,
2012-03-23,596.05,,60.4,66.66,195.04,
2012-03-26,606.98,,60.99,67.52,202.87,
2012-03-27,614.48,,61.33,67.81,205.44,
2012-03-28,617.62,,61.12,67.68,201.16,
2012-03-29,609.86,,60.98,67.32,204.61,
2012-03-30,599.55,,61.29,67.97,202.51,
2012-04-02,618.63,,61.24,68.11,198.05,
2012-04-03,629.32,,61.14,67.93,199.66,
2012-04-04,624.31,,61.46,67.85,193.99,
2012-04-05,633.68,,61.3,68.02,194.39,
2012-04-09,636.23,,60.97,67.02,191.87,
2012-04-10,628.44,,60.14,66.19,186.98,
2012-04-11,626.2,,59.66,66.73,187.97,
2012-04-12,622.77,,59.72,66.92,190.69,
2012-04-13,605.23,,59.59,65.59,188.46,
2012-04-16,580.13,,59.85,66.26,185.5,
2012-04-17,609.7,,60.43,67.35,188.39,
2012-04-18,608.34,,60.46,67.15,191.07,
2012-04-19,587.44,,59.51,67.13,191.1,
2012-04-20,572.98,,59.88,68.47,189.98,
2012-04-23,571.7,,59.87,68.29,188.24,
2012-04-24,560.28,,60.73,68.63,190.33,
2012-04-25,610.0,,61.6,70.19,194.42,
2012-04-26,607.7,,61.86,70.79,195.99,
2012-04-27,603.0,,61.99,71.64,226.85,
2012-04-30,583.98,,62.06,71.11,231.9,
2012-05-01,582.13,,62.23,70.69,230.04,
2012-05-02,585.98,,62.65,71.17,230.25,
2012-05-03,581.82,,63.05,70.91,229.45,
2012-05-04,565.25,,62.41,69.77,223.99,
2012-05-07,569.48,,62.51,69.61,225.16,
2012-05-08,568.18,,62.6,70.7,223.9,
2012-05-09,569.18,,61.23,69.62,222.98,
2012-05-10,570.52,,62.22,70.09,226.69,
2012-05-11,566.71,,62.04,70.78,227.68,
2012-05-14,558.22,,61.68,70.2,222.93,
2012-05-15,553.17,,61.89,70.68,224.39,
2012-05-16,546.075,,62.55,70.98,224.06,
2012-05-17,530.12,,62.23,70.54,218.36,
2012-05-18,530.38,,61.57,69.15,213.85,
2012-05-21,561.28,,61.81,69.32,218.11,
2012-05-22,556.97,,61.99,68.91,215.33,
2012-05-23,570.56,,61.37,68.38,217.28,
2012-05-24,565.32,,62.42,69.1,215.24,
2012-05-25,562.29,,62.25,69.05,212.89,
2012-05-29,572.27,,62.14,69.28,214.75,
2012-05-30,579.17,,61.79,69.59,209.23,
2012-05-31,577.73,,61.79,69.52,212.91,
2012-06-01,560.99,,60.52,67.75,208.22,
2012-06-04,564.29,,60.22,68.7,214.57,
2012-06-05,562.83,,60.3,68.445,213.21,
2012-06-06,571.46,,61.04,69.98,217.64,
2012-06-07,571.72,,61.2,69.1,218.8,
2012-06-08,580.32,,61.88,68.87,218.48,
2012-06-11,571.17,,61.51,67.79,216.5,
2012-06-12,576.16,,61.96,68.62,216.42,
2012-06-13,572.16,,61.51,68.82,214.73,
2012-06-14,571.53,,62.14,70.42,214.45,
2012-06-15,574.13,,62.5,71.29,218.35,
2012-06-18,585.78,,62.7,72.02,222.66,
2012-06-19,587.41,,62.87,73.02,224.03,
2012-06-20,585.741,,62.82,72.79,223.02,
2012-06-21,577.67,,62.24,71.65,220.575,
2012-06-22,582.1,,62.32,72.46,222.16,
2012-06-25,570.765,,62.12,71.385,220.07,
2012-06-26,572.025,,62.35,71.46,225.61,
2012-06-27,574.5,,62.87,72.37,225.62,
2012-06-28,569.05,,62.91,71.42,221.31,
2012-06-29,584.0,,64.47,72.91,228.35,
2012-07-02,592.52,,64.63,74.36,229.32,
2012-07-03,599.41,,64.83,75.16,229.53,
2012-07-05,609.94,,64.75,74.33,227.06,
2012-07-06,605.88,,64.75,73.85,225.05,
2012-07-09,613.89,,65.61,74.8,225.05,
2012-07-10,608.21,,65.67,74.93,219.5,
2012-07-11,604.43,,65.18,76.09,218.37,
2012-07-12,598.9,,65.13,75.81,215.36,
2012-07-13,604.97,,65.45,76.96,218.39,
2012-07-16,606.91,,65.48,77.265,216.01,
2012-07-17,606.94,,66.46,78.76,216.93,
2012-07-18,606.26,,65.93,79.62,217.47,
2012-07-19,614.32,,65.8,79.635,226.17,
2012-07-20,604.3,,65.06,77.77,228.29,
2012-07-23,603.83,,64.64,77.53,226.01,
2012-07-24,600.92,,63.94,76.375,223.04,
2012-07-25,574.97,,64.12,77.96,217.05,
2012-07-26,574.88,,64.65,79.295,220.01,
2012-07-27,585.16,,66.39,83.92,237.32,
2012-07-30,595.03,,66.6,83.46,236.09,
2012-07-31,610.76,,66.31,82.6,233.3,
2012-08-01,606.81,,66.1,81.82,232.09,
2012-08-02,607.79,,66.34,81.04,230.81,
2012-08-03,615.7,,66.59,82.21,234.97,
2012-08-06,622.55,,66.37,82.43,233.99,
2012-08-07,620.914,,66.03,81.57,236.56,
2012-08-08,619.86,,65.9,81.37,234.38,
2012-08-09,620.73,,65.72,81.97,234.06,
2012-08-10,621.7,,66.11,82.73,232.75,
2012-08-13,630.0,,65.99,82.23,232.44,
2012-08-14,631.69,,66.17,83.54,233.19,
2012-08-15,630.83,,66.42,83.65,237.42,
2012-08-16,636.34,,66.43,83.1,241.55,
2012-08-17,648.11,,65.92,83.38,241.17,
2012-08-20,665.15,,65.73,83.24,240.35,
2012-08-21,656.062,,65.3,83.11,239.45,
2012-08-22,668.87,,65.54,83.87,243.1,
2012-08-23,662.63,,65.33,83.66,241.198,
2012-08-24,663.222,,65.84,84.59,245.74,
2012-08-27,675.68,,65.72,84.43,243.92,
2012-08-28,674.8,,65.73,84.01,246.11,
2012-08-29,673.466,,65.61,83.72,247.12,
2012-08-30,663.868,,65.4,83.15,246.22,
2012-08-31,665.24,,65.54,83.92,248.27,
2012-09-04,674.97,,65.46,84.33,247.88,
2012-09-05,670.23,,65.75,84.08,246.22,
2012-09-06,676.27,,66.92,84.805,251.38,
2012-09-07,680.44,,66.69,83.96,259.14,
2012-09-10,662.74,,67.19,84.05,257.09,
2012-09-11,660.59,,67.33,83.94,255.67,
2012-09-12,669.79,,67.84,83.15,255.63,
2012-09-13,682.98,,69.27,83.325,260.24,
2012-09-14,691.28,,68.27,81.36,261.27,
2012-09-17,699.781,,69.12,82.09,258.0,
2012-09-18,701.91,,68.91,82.04,258.75,
2012-09-19,702.1,,69.35,81.71,261.68,
2012-09-20,698.7,,69.86,82.3,260.81,
2012-09-21,700.095,,69.62,82.03,257.47,
2012-09-24,690.79,,69.61,82.91,254.805,
2012-09-25,673.54,,69.57,83.81,252.46,
2012-09-26,665.18,,69.19,83.455,249.67,
2012-09-27,681.32,,69.32,84.24,256.59,
2012-09-28,667.105,,68.56,84.29,254.32,
2012-10-01,659.39,,69.08,85.08,252.01,
2012-10-02,661.31,,68.54,86.35,250.6,
2012-10-03,671.45,,69.83,86.8,255.92,
2012-10-04,666.8,,70.78,86.39,260.47,
2012-10-05,652.59,,71.61,86.94,258.51,
2012-10-08,638.17,,71.32,86.04,259.06,
2012-10-09,635.85,,70.9,85.43,250.96,
2012-10-10,640.91,,70.37,84.65,244.99,
2012-10-11,628.1,,69.42,84.61,244.22,
2012-10-12,629.714,,69.28,84.0,242.36,
2012-10-15,634.76,,72.05,86.22,244.18,
2012-10-16,649.7925,,72.13,88.035,243.94,
2012-10-17,644.6136,,69.04,89.2,247.49,
2012-10-18,632.64,,66.64,89.79,244.85,
2012-10-19,609.84,,66.15,87.16,240.0,
2012-10-22,634.03,,65.81,87.8,233.78,
2012-10-23,613.3554,,65.36,87.32,234.31,
2012-10-24,616.83,,65.56,87.5,228.49,
2012-10-25,609.538,,65.78,88.05,222.92,
2012-10-26,604.0,,65.48,87.63,238.24,
2012-10-31,595.32,,65.5,86.49,232.8931,
2012-11-01,596.5399,,65.45,87.21,232.14,
2012-11-02,576.8,,64.96,86.45,232.4224,
2012-11-05,584.6211,,65.04,86.35,234.33,
2012-11-06,582.8495,,64.82,87.29,237.56,
2012-11-07,558.0019,,64.52,85.34,232.0608,
2012-11-08,537.75,,63.48,84.74,227.35,
2012-11-09,547.06,,64.84,85.17,226.31,
2012-11-12,542.83,,64.87,85.52,226.47,
2012-11-13,542.898,,64.68,85.77,226.6,
2012-11-14,536.88,,63.74,84.02,222.95,
2012-11-15,525.62,,63.2,84.15,220.599,
2012-11-16,527.678,,62.88,84.54,225.23,
2012-11-19,565.73,,62.92,85.4,229.71,
2012-11-20,560.9134,,63.08,86.57,233.78,
2012-11-21,561.7,,63.33,86.65,238.03,
2012-11-23,571.5,,64.47,87.6,239.88,
2012-11-26,589.53,,64.36,87.285,243.62,
2012-11-27,584.78,,64.06,86.98,243.4017,
2012-11-28,582.94,,64.57,87.04,247.11,
2012-11-29,589.36,,65.08,88.61,251.27,
2012-11-30,585.28,,65.0,88.8,252.05,
2012-12-03,586.19,,64.29,88.4,250.3291,
2012-12-04,575.8454,,64.39,88.331,252.4881,
2012-12-05,538.7923,,64.54,89.01,253.96,
2012-12-06,547.2445,,64.58,88.54,253.37,
2012-12-07,533.25,,65.53,88.32,253.2681,
2012-12-10,529.8209,,65.33,89.74,247.77,
2012-12-11,541.388,,66.17,89.95,250.69,
2012-12-12,539.0,,66.01,90.17,251.76,
2012-12-13,529.69,,65.32,89.15,251.25,
2012-12-14,509.794,,65.35,89.2,249.19,
2012-12-17,518.83,,65.2,89.5,253.86,
2012-12-18,533.9,,65.93,89.29,260.4,
2012-12-19,526.31,,65.34,88.49,257.99,
2012-12-20,521.7302,,65.55,88.4128,261.5,
2012-12-21,519.33,,66.05,87.16,256.92,
2012-12-24,520.168,,65.47,87.4,258.62,
2012-12-26,512.9995,,65.06,86.89,248.6314,
2012-12-27,515.06,,65.05,86.15,248.31,
2012-12-28,509.5892,,64.42,85.24,245.18,
2012-12-31,532.1729,,65.5,86.2,250.87,
2013-01-02,549.03,35.12,32.05,89.15,257.31,
2013-01-03,542.0959,34.83,33.27,88.59,258.48,
2013-01-04,527.0,34.3908,33.07,88.98,259.15,
2013-01-07,523.9,34.46,33.34,88.53,268.4592,
2013-01-08,525.31,33.71,33.35,88.15,266.38,
2013-01-09,517.1,33.9,33.57,88.67,266.35,
2013-01-10,523.51,34.0,33.85,87.81,265.34,
2013-01-11,520.3,33.85,33.37,86.96,267.94,
2013-01-14,501.75,34.09,33.36,86.92,272.73,
2013-01-15,485.92,34.6,33.02,85.08,271.9,
2013-01-16,506.09,35.54,32.7,84.32,268.93,
2013-01-17,502.68,36.42,32.78,83.94,270.48,
2013-01-18,500.0,37.32,32.74,82.08,272.12,
2013-01-22,504.77,36.42,32.9,83.29,270.19,
2013-01-23,514.005,37.8,32.81,83.07,268.11,
2013-01-24,450.5,37.46,32.8,82.62,273.62,
2013-01-25,439.88,37.6,32.79,83.42,283.99,
2013-01-28,449.83,36.89,33.0,85.59,276.04,
2013-01-29,458.27,37.31,33.33,86.59,260.35,
2013-01-30,456.83,36.93,33.22,85.38,272.764,
2013-01-31,455.49,36.69,33.88,85.46,265.5,
2013-02-01,453.62,37.18,33.87,86.3,265.0,
2013-02-04,442.316,37.28,33.5,85.74,259.98,
2013-02-05,457.844,37.2,33.84,86.53,266.89,
2013-02-06,457.35,37.14,34.1,86.59,262.22,
2013-02-07,468.22,36.42,34.39,85.22,260.23,
2013-02-08,474.98,36.25,34.41,86.77,261.95,
2013-02-11,479.93,35.85,34.26,84.92,257.21,
2013-02-12,467.9,35.42,34.3,84.54,258.7,
2013-02-13,467.01,35.27,34.46,84.94,269.47,
2013-02-14,466.59,36.57,34.7,84.72,269.24,
2013-02-15,460.16,37.58,35.08,83.61,265.09,
2013-02-19,459.99,38.19,34.82,84.131,269.75,
2013-02-20,448.85,38.61,34.52,84.65,266.41,
2013-02-21,446.06,38.78,34.26,85.13,265.94,
2013-02-22,450.81,38.46,34.55,86.82,265.42,
2013-02-25,442.8,37.37,34.27,89.55,259.87,
2013-02-26,448.97,37.09,34.06,89.47,259.36,
2013-02-27,444.57,36.73,34.26,91.03,263.25,
2013-02-28,441.4,36.92,33.79,91.55,264.27,
2013-03-01,430.47,37.81,33.6,92.58,265.74,
2013-03-04,420.05,38.24,34.31,92.73,273.11,
2013-03-05,431.144,37.51,34.67,93.44,275.59,
2013-03-06,425.662,37.74,34.27,93.27,273.79,
2013-03-07,430.582,37.49,34.43,92.95,273.88,
2013-03-08,431.72,37.34,34.68,93.0,274.19,
2013-03-11,437.87,37.67,34.93,91.44,271.24,
2013-03-12,428.43,37.17,34.98,91.75,274.13,
2013-03-13,428.35,37.17,35.01,91.54,275.1,
2013-03-14,432.5,37.56,35.14,92.18,265.74,
2013-03-15,443.66,38.5,34.14,91.808,261.82,
2013-03-18,455.72,38.16,33.46,90.39,257.89,
2013-03-19,454.49,38.36,33.54,92.4,256.41,
2013-03-20,452.08,39.06,33.81,94.05,257.278,
2013-03-21,452.73,38.49,33.48,94.31,253.39,
2013-03-22,461.91,38.97,33.69,96.56,257.75,
2013-03-25,463.58,39.32,33.8,96.81,256.02,
2013-03-26,461.136,40.21,34.35,98.66,260.31,
2013-03-27,452.08,40.15,34.61,100.15,265.3,
2013-03-28,442.66,40.78,35.32,102.51,266.49,
2013-04-01,428.91,41.12,35.31,102.31,261.61,
2013-04-02,429.792,40.71,36.12,106.4,263.322,
2013-04-03,431.99,40.57,36.32,104.81,259.03,
2013-04-04,427.72,41.6,36.65,105.88,259.08,
2013-04-05,423.2,41.31,36.31,104.04,255.48,
2013-04-08,426.21,41.77,36.55,105.1,258.95,
2013-04-09,426.98,42.55,36.66,104.3,261.14,
2013-04-10,435.69,43.62,37.1,108.255,264.77,
2013-04-11,434.33,43.2,37.27,108.22,269.85,
2013-04-12,429.8,43.09,37.13,111.57,272.87,
2013-04-15,419.85,41.44,36.13,108.48,267.72,
2013-04-16,426.24,42.45,36.4,110.85,272.34,
2013-04-17,402.8,42.24,37.28,109.44,267.4,
2013-04-18,392.05,42.32,36.88,107.46,259.42,
2013-04-19,390.53,42.39,37.2,111.38,260.32,
2013-04-22,398.67,44.2,36.89,113.42,263.55,
2013-04-23,406.13,45.14,37.21,112.76,268.9,
2013-04-24,405.462,44.32,36.52,104.93,268.78,
2013-04-25,408.38,44.24,36.49,108.66,274.7,
2013-04-26,417.205,45.84,36.46,108.38,254.81,
2013-04-29,430.12,45.23,36.73,106.67,249.74,
2013-04-30,442.78,46.05,36.92,104.21,253.81,
2013-05-01,439.29,45.55,36.89,104.54,248.23,
2013-05-02,445.52,43.99,37.06,105.59,252.55,
2013-05-03,449.98,44.68,36.8,106.48,258.05,
2013-05-06,460.71,44.59,35.85,104.83,255.72,
2013-05-07,458.658,44.91,36.06,104.46,257.73,
2013-05-08,463.84,43.49,36.29,105.07,258.68,
2013-05-09,456.77,44.24,36.18,104.56,260.16,
2013-05-10,452.97,45.01,36.17,106.72,263.63,
2013-05-13,454.74,44.54,36.35,106.89,264.51,
2013-05-14,443.86,45.35,37.05,107.94,268.33,
2013-05-15,428.85,46.03,37.66,107.42,266.56,
2013-05-16,434.578,46.21,36.83,104.97,264.12,
2013-05-17,433.26,47.17,36.59,105.63,269.9,
2013-05-20,442.93,46.26,37.81,102.18,267.63,
2013-05-21,439.66,46.54,37.72,104.24,268.86,
2013-05-22,441.354,46.76,37.72,104.53,262.96,
2013-05-23,442.14,46.59,37.48,105.62,261.8,
2013-05-24,445.15,45.44,37.76,105.91,261.74,
2013-05-28,441.439,45.39,38.56,106.2,267.29,
2013-05-29,444.95,43.88,37.72,104.39,265.53,
2013-05-30,451.58,44.55,37.68,105.22,266.83,
2013-05-31,449.735,42.69,36.67,100.53,269.2,
2013-06-03,450.72,43.36,37.16,99.13,266.88,
2013-06-04,449.31,43.63,36.8,97.29,265.7,
2013-06-05,445.11,43.04,36.3,94.6,267.17,
2013-06-06,438.46,43.5,36.64,97.49,267.83,
2013-06-07,441.811,44.0,37.51,98.81,276.87,
2013-06-10,438.89,43.92,37.49,98.31,281.07,
2013-06-11,437.6,43.59,36.83,97.93,274.78,
2013-06-12,432.19,42.77,36.44,96.37,271.67,
2013-06-13,435.965,43.15,36.7,98.51,275.79,
2013-06-14,430.05,43.21,36.81,97.42,273.99,
2013-06-17,432.0,43.01,36.89,99.08,278.06,
2013-06-18,431.77,43.54,37.51,101.5,281.76,
2013-06-19,423.0,43.04,36.21,99.18,278.16,
2013-06-20,416.838,41.06,35.17,96.28,273.44,
2013-06-21,413.5,42.62,35.58,98.282,273.36,
2013-06-24,402.54,41.89,34.97,96.14,270.61,
2013-06-25,402.63,42.63,35.11,96.378,272.088,
2013-06-26,398.07,43.38,35.6,99.6,277.57,
2013-06-27,393.78,43.13,35.36,98.99,277.55,
2013-06-28,396.53,41.34,34.88,98.66,277.69,
2013-07-01,409.22,41.61,35.03,97.49,282.1,
2013-07-02,418.49,42.21,34.86,96.06,283.73,
2013-07-03,420.8,42.23,34.25,95.81,284.03,
2013-07-05,417.42,42.72,34.92,97.64,285.88,
2013-07-08,415.05,43.68,35.41,98.18,290.59,
2013-07-09,422.35,43.32,34.74,98.33,291.53,
2013-07-10,420.73,43.91,34.74,102.06,292.33,
2013-07-11,427.288,43.78,35.37,103.26,299.66,
2013-07-12,426.51,45.05,35.32,104.27,307.55,
2013-07-15,427.44,44.62,35.48,104.45,306.57,
2013-07-16,430.195,43.81,35.7,104.05,306.87,
2013-07-17,430.31,43.96,35.82,104.31,308.69,
2013-07-18,431.758,44.32,35.7,104.77,304.11,
2013-07-19,424.95,44.52,35.87,109.39,305.23,
2013-07-22,426.31,44.97,35.8,108.95,303.48,
2013-07-23,418.99,44.31,36.68,106.62,301.06,
2013-07-24,440.51,43.64,36.45,106.6,298.94,
2013-07-25,438.5,44.24,36.58,109.51,303.4,
2013-07-26,440.99,44.79,36.78,109.6,312.01,
2013-07-29,447.79,45.06,36.74,109.37,306.1,
2013-07-30,453.32,44.7,36.88,111.2,302.41,
2013-07-31,452.53,45.48,36.63,108.29,301.22,
2013-08-01,456.676,45.25,36.84,109.39,305.57,
2013-08-02,462.54,45.32,36.75,109.06,304.21,
2013-08-05,469.45,44.71,36.45,107.43,300.99,
2013-08-06,465.25,44.88,36.1,105.22,300.75,
2013-08-07,464.98,44.57,35.93,112.4,296.91,
2013-08-08,461.01,45.06,35.92,110.38,295.74,
2013-08-09,454.45,44.71,35.89,109.63,297.26,
2013-08-12,467.36,45.04,35.9,108.21,296.69,
2013-08-13,489.57,44.93,35.94,107.86,293.97,
2013-08-14,498.5,44.58,35.61,106.64,291.34,
2013-08-15,497.91,43.21,35.03,105.76,286.47,
2013-08-16,502.33,43.0,34.97,104.91,284.82,
2013-08-19,507.74,43.37,34.88,104.47,285.57,
2013-08-20,501.07,42.97,34.71,105.6,287.09,
2013-08-21,502.36,42.31,34.64,104.65,284.57,
2013-08-22,502.96,42.92,34.67,106.29,289.73,
2013-08-23,501.02,43.43,34.84,105.6,290.01,
2013-08-26,502.97,43.45,34.52,113.75,286.21,
2013-08-27,488.59,42.63,34.01,109.13,280.93,
2013-08-28,490.896,42.56,33.75,109.2,281.58,
2013-08-29,491.7,42.62,33.73,108.86,283.98,
2013-08-30,487.216,42.61,33.33,108.94,280.98,
2013-09-03,488.58,42.59,32.93,111.01,288.8,
2013-09-04,498.691,43.13,33.46,113.02,293.64,
2013-09-05,495.27,43.51,33.74,112.93,294.1,
2013-09-06,498.22,43.89,33.5,111.01,295.86,
2013-09-09,506.17,44.43,33.8,111.67,299.71,
2013-09-10,494.64,44.78,34.09,111.16,300.36,
2013-09-11,467.71,44.95,34.75,111.97,299.64,
2013-09-12,472.69,44.7,34.76,113.46,298.86,
2013-09-13,464.9,44.89,34.87,115.06,297.92,
2013-09-16,450.12,45.82,35.01,117.18,296.06,
2013-09-17,455.32,47.6,34.97,115.73,304.17,
2013-09-18,464.68,47.92,35.65,117.521,312.034,
2013-09-19,472.3,47.4,35.34,117.182,312.06,
2013-09-20,467.41,47.84,35.29,116.852,316.34,
2013-09-23,490.64,47.1,35.12,115.05,311.49,
2013-09-24,489.1,45.98,34.36,114.78,314.13,
2013-09-25,481.53,45.33,33.67,112.48,312.65,
2013-09-26,486.22,45.0,33.66,112.85,318.12,
2013-09-27,482.75,44.33,33.14,113.19,316.01,
2013-09-30,476.75,44.73,33.19,111.925,312.64,
2013-10-01,487.96,45.8,33.78,114.58,320.95,
2013-10-02,489.56,45.95,33.9,113.06,320.51,
2013-10-03,483.41,46.01,33.29,111.118,314.76,
2013-10-04,483.03,46.8,33.56,112.91,319.04,
2013-10-07,487.75,46.09,33.5,110.22,310.03,
2013-10-08,480.94,44.52,33.01,107.76,303.23,
2013-10-09,486.588,44.81,33.17,106.28,298.23,
2013-10-10,489.638,45.68,33.64,109.92,305.174,
2013-10-11,492.812,45.65,33.76,110.89,310.889,
2013-10-14,496.04,46.33,34.0,111.58,310.7,
2013-10-15,498.68,46.08,33.71,111.44,306.4,
2013-10-16,501.114,47.06,35.9,114.28,310.49,
2013-10-17,504.5,48.17,37.17,115.85,310.77,
2013-10-18,508.89,48.33,37.29,114.918,328.931,
2013-10-21,521.362,48.35,36.86,113.64,326.44,
2013-10-22,519.8675,49.0,37.02,116.21,332.54,
2013-10-23,524.96,48.33,37.23,115.67,326.756,
2013-10-24,531.91,47.93,37.21,116.2,332.21,
2013-10-25,525.958,49.3,37.25,116.32,363.39,
2013-10-28,529.876,49.42,37.28,118.33,358.16,
2013-10-29,516.678,49.79,37.28,118.269,362.7,
2013-10-30,524.896,48.8,36.94,116.88,361.08,
2013-10-31,522.702,48.45,36.55,116.14,364.03,
2013-11-01,520.03,48.96,36.96,118.688,359.002,
2013-11-04,526.75,48.76,36.98,117.28,358.74,
2013-11-05,525.449,48.17,37.36,115.14,358.892,
2013-11-06,520.92,48.05,37.56,113.325,356.18,
2013-11-07,512.492,47.24,37.64,111.03,343.56,
2013-11-08,520.56,48.03,38.12,113.21,350.31,
2013-11-11,519.048,48.57,37.9,113.17,354.378,
2013-11-12,520.01,47.48,37.47,112.71,349.53,
2013-11-13,520.634,47.85,37.77,113.53,356.22,
2013-11-14,528.16,48.04,37.76,115.41,367.396,
2013-11-15,524.991,48.44,38.05,114.98,369.17,
2013-11-18,518.629,48.87,37.94,116.03,366.18,
2013-11-19,519.55,48.46,38.71,115.46,364.94,
2013-11-20,515.0,47.95,38.18,115.56,362.57,
2013-11-21,521.136,48.57,38.07,112.25,368.92,
2013-11-22,519.8,48.94,38.25,113.03,372.31,
2013-11-25,523.74,48.41,38.15,113.96,376.64,
2013-11-26,533.4,48.6,38.07,113.67,381.37,
2013-11-27,545.96,48.25,38.32,113.82,386.71,
2013-11-29,556.07,48.45,38.19,114.08,393.62,
2013-12-02,551.23,48.39,38.14,114.47,392.3,
2013-12-03,566.322,49.97,37.6,113.45,384.66,
2013-12-04,565.0,49.67,37.36,113.07,385.96,
2013-12-05,567.901,49.76,36.92,113.35,384.49,
2013-12-06,560.02,51.35,37.53,114.12,386.95,
2013-12-09,566.43,51.21,37.2,113.98,384.89,
2013-12-10,565.55,52.14,37.11,114.1,387.78,
2013-12-11,561.36,52.67,36.58,113.05,382.19,
2013-12-12,560.54,52.39,36.29,112.57,381.25,
2013-12-13,554.43,52.37,36.4,112.16,384.24,
2013-12-16,557.5,53.37,36.53,112.12,388.97,
2013-12-17,554.99,53.63,36.61,111.0,387.65,
2013-12-18,550.77,54.32,38.12,112.73,395.96,
2013-12-19,544.46,52.63,38.03,112.6,395.19,
2013-12-20,549.02,52.59,37.84,114.03,402.2,
2013-12-23,570.09,52.58,38.44,113.2,402.92,
2013-12-24,567.67,52.36,38.19,112.25,399.2,
2013-12-26,563.9,52.99,38.35,114.36,404.39,
2013-12-27,560.09,52.55,38.37,115.12,398.08,
2013-12-30,554.52,53.01,38.41,115.49,393.37,
2013-12-31,561.02,52.81,38.33,114.08,398.79,
2014-01-02,553.13,51.98,38.23,115.795,397.97,
2014-01-03,540.98,52.3,38.64,114.47,396.44,
2014-01-06,543.93,50.39,39.15,113.48,393.63,
2014-01-07,540.0375,50.49,38.85,116.43,398.03,
2014-01-08,543.46,50.36,39.2,115.88,401.92,
2014-01-09,536.519,51.22,39.27,118.89,401.01,
2014-01-10,532.94,50.9,39.57,117.99,397.66,
2014-01-13,535.73,49.83,39.11,116.4,390.98,
2014-01-14,546.39,50.6,39.57,117.72,397.54,
2014-01-15,557.36,50.11,39.53,118.51,395.87,
2014-01-16,554.25,50.5,39.54,119.03,395.8,
2014-01-17,540.67,50.06,39.4,119.15,399.61,
2014-01-21,549.07,50.0,39.12,119.25,407.05,
2014-01-22,551.51,49.08,38.07,124.37,404.54,
2014-01-23,556.18,48.87,37.43,123.6,399.87,
2014-01-24,546.07,47.79,36.58,119.29,387.6,
2014-01-27,550.5,46.83,36.3,118.52,386.28,
2014-01-28,506.5,47.69,36.37,120.7,394.43,
2014-01-29,500.75,47.61,35.85,119.17,384.2,
2014-01-30,499.782,48.31,36.53,120.89,403.01,
2014-01-31,500.6,49.23,36.66,118.95,358.69,
2014-02-03,501.53,47.35,35.85,116.75,346.15,
2014-02-04,508.79,47.95,36.25,115.78,347.95,
2014-02-05,512.59,47.73,36.35,115.07,346.45,
2014-02-06,512.51,47.93,36.65,116.07,354.59,
2014-02-07,519.68,48.89,37.18,118.9,361.08,
2014-02-10,528.99,49.55,37.16,120.3,360.87,
2014-02-11,535.96,49.66,37.95,121.24,361.79,
2014-02-12,535.92,50.56,38.26,122.21,349.25,
2014-02-13,544.43,50.35,38.72,124.15,357.2,
2014-02-14,543.99,50.73,38.81,123.84,357.35,
2014-02-18,545.99,51.46,38.93,124.94,353.65,
2014-02-19,537.37,51.19,38.76,123.35,347.38,
2014-02-20,531.15,51.86,38.95,123.49,349.8,
2014-02-21,525.25,51.04,38.82,123.85,346.76,
2014-02-24,527.55,50.85,38.98,125.79,351.78,
2014-02-25,522.06,50.72,39.25,124.36,358.32,
2014-02-26,517.35,50.74,39.39,121.86,359.8,
2014-02-27,527.67,50.91,39.79,123.08,360.13,
2014-02-28,526.24,50.91,39.78,124.02,362.1,
2014-03-03,527.76,50.09,39.33,123.69,359.78,
2014-03-04,531.24,51.59,40.12,126.0,363.9,
2014-03-05,532.36,51.7,39.79,126.19,372.37,
2014-03-06,530.75,52.04,39.73,124.19,372.16,
2014-03-07,530.44,51.46,39.57,122.26,372.06,
2014-03-10,530.92,51.66,39.82,125.4,370.53,
2014-03-11,536.09,51.75,39.71,124.27,368.82,
2014-03-12,536.61,51.64,39.66,125.98,370.64,
2014-03-13,530.65,51.32,39.23,123.96,371.51,
2014-03-14,524.69,51.21,38.97,122.54,373.74,
2014-03-17,526.74,51.98,39.51,123.86,375.04,
2014-03-18,531.4,53.1,39.73,127.47,378.77,
2014-03-19,531.26,53.11,39.45,126.58,373.23,
2014-03-20,528.7,53.68,38.87,127.05,368.97,
2014-03-21,532.87,53.46,38.39,122.93,360.62,
2014-03-24,539.19,51.36,38.43,121.28,351.85,
2014-03-25,544.99,51.69,38.4,120.63,354.71,
2014-03-26,539.78,51.5,38.56,120.11,343.41,
2014-03-27,537.46,51.66,38.45,122.29,338.47,
2014-03-28,536.86,50.98,38.31,120.55,338.29,
2014-03-31,536.74,51.4,38.51,123.34,336.365,
2014-04-01,541.65,52.1,38.47,126.07,342.99,
2014-04-02,542.55,53.34,38.58,125.98,341.96,
2014-04-03,538.79,53.5,38.65,124.13,333.62,
2014-04-04,531.82,52.2,38.63,119.11,323.0,
2014-04-07,523.47,50.62,38.17,118.82,317.76,
2014-04-08,523.44,49.1,37.62,117.98,327.07,
2014-04-09,530.32,50.63,37.63,120.0,331.805,
2014-04-10,523.48,47.35,37.26,114.11,317.11,
2014-04-11,519.61,46.46,37.02,111.94,311.73,
2014-04-14,521.68,46.83,37.74,113.32,315.91,
2014-04-15,517.9599,47.86,37.97,115.0,316.08,
2014-04-16,519.01,48.12,38.38,115.54,323.68,
2014-04-17,524.94,48.55,38.93,115.46,324.91,
2014-04-21,531.17,49.43,38.71,117.02,330.87,
2014-04-22,531.699,50.01,38.6,119.3,329.32,
2014-04-23,524.75,50.14,38.6,113.315,324.58,
2014-04-24,567.77,49.32,38.43,113.72,337.15,
2014-04-25,571.94,49.14,38.03,111.41,303.83,
2014-04-28,594.09,50.87,38.37,111.48,296.58,
2014-04-29,592.33,51.37,38.54,111.9,300.38,
2014-04-30,590.09,52.08,38.74,111.75,304.13,
2014-05-01,591.48,51.61,38.67,112.76,307.89,
2014-05-02,592.58,51.18,38.56,112.42,308.01,
2014-05-05,600.96,51.36,38.84,113.18,310.05,
2014-05-06,594.41,50.91,38.58,112.28,297.38,
2014-05-07,592.33,52.79,38.69,112.77,292.71,
2014-05-08,587.99,52.15,38.73,110.78,288.32,
2014-05-09,585.5425,52.26,38.99,111.4825,292.24,
2014-05-12,592.83,52.37,39.27,111.73,302.86,
2014-05-13,593.76,52.2,39.66,110.81,304.64,
2014-05-14,593.87,52.87,39.93,112.07,297.62,
2014-05-15,588.82,52.69,39.24,110.29,295.19,
2014-05-16,597.51,52.93,39.06,111.94,297.7,
2014-05-19,604.59,54.11,39.63,112.08,296.755,
2014-05-20,604.71,53.54,39.54,112.22,301.19,
2014-05-21,606.31,53.27,39.56,113.49,305.01,
2014-05-22,607.27,53.63,39.65,114.86,304.91,
2014-05-23,614.13,53.95,39.6,114.33,312.24,
2014-05-27,625.63,53.99,39.58,115.89,310.82,
2014-05-28,624.01,54.07,39.67,115.67,310.16,
2014-05-29,635.38,54.03,39.6,116.0,313.78,
2014-05-30,633.0,54.33,40.01,115.99,312.55,
2014-06-02,628.65,54.15,39.8,116.45,308.84,
2014-06-03,637.54,54.37,39.82,117.12,307.19,
2014-06-04,644.82,54.58,39.75,119.15,306.78,
2014-06-05,647.35,55.3,40.15,117.74,323.57,
2014-06-06,645.57,55.1,40.05,117.82,329.67,
2014-06-09,93.7,53.84,40.13,116.4,327.5,
2014-06-10,94.25,53.97,40.53,117.1,332.41,
2014-06-11,93.86,54.23,40.0,116.34,335.2,
2014-06-12,92.29,53.66,39.81,116.2,325.91,
2014-06-13,91.28,54.16,39.79,116.03,326.27,
2014-06-16,92.2,54.0,39.9,116.16,327.62,
2014-06-17,92.08,54.3,39.86,116.17,325.62,
2014-06-18,92.18,54.57,40.37,117.49,334.38,
2014-06-19,91.86,54.19,41.0,117.85,327.0,
2014-06-20,90.91,53.3,40.85,120.97,324.2,
2014-06-23,90.83,53.75,40.73,119.13,327.24,
2014-06-24,90.28,53.59,40.45,118.79,324.16,
2014-06-25,90.36,55.0,40.7,119.42,327.44,
2014-06-26,90.9,56.51,40.62,119.14,325.69,
2014-06-27,91.98,56.79,40.54,118.59,324.57,
2014-06-30,92.93,56.44,40.9,118.37,324.78,
2014-07-01,93.52,56.89,41.18,120.31,332.39,
2014-07-02,93.48,58.11,41.79,121.03,332.85,
2014-07-03,94.03,58.22,41.89,122.85,337.492,
2014-07-07,95.968,57.4,41.51,120.16,333.55,
2014-07-08,95.35,55.69,41.05,119.96,323.81,
2014-07-09,95.39,55.01,41.27,119.57,329.97,
2014-07-10,95.035,55.79,41.24,118.95,327.92,
2014-07-11,95.22,54.96,41.3,119.77,346.2,
2014-07-14,96.45,54.85,41.82,118.98,355.32,
2014-07-15,95.32,53.44,41.17,116.86,354.44,
2014-07-16,94.78,53.65,41.05,117.71,355.9,
2014-07-17,93.0899,53.52,42.73,115.39,352.454,
2014-07-18,94.43,54.91,42.73,118.3,358.66,
2014-07-21,93.939,54.0,42.96,119.03,359.76,
2014-07-22,94.72,54.05,43.09,121.11,360.84,
2014-07-23,97.19,54.48,42.97,122.01,358.14,
2014-07-24,97.03,54.08,42.89,122.26,358.61,
2014-07-25,97.671,53.18,43.04,122.84,324.01,
2014-07-28,99.02,53.74,42.93,122.65,320.41,
2014-07-29,98.38,53.43,42.75,123.31,320.0,
2014-07-30,98.15,53.75,42.86,130.01,322.51,
2014-07-31,95.6,52.34,42.12,127.39,312.99,
2014-08-01,96.13,52.48,42.39,125.55,307.06,
2014-08-04,95.59,53.29,42.39,128.65,313.65,
2014-08-05,95.12,52.79,41.78,127.88,312.32,
2014-08-06,94.96,52.05,41.77,127.09,313.89,
2014-08-07,94.48,52.43,41.53,125.75,311.45,
2014-08-08,94.74,52.82,41.69,126.95,316.8,
2014-08-11,95.99,53.31,42.05,127.32,318.33,
2014-08-12,95.97,52.84,41.57,126.32,319.32,
2014-08-13,97.24,53.6,42.16,127.34,326.28,
2014-08-14,97.5,54.19,42.33,131.86,333.21,
2014-08-15,97.98,53.9,42.06,132.8,333.63,
2014-08-18,99.16,54.31,42.23,133.22,334.53,
2014-08-19,100.53,55.29,42.54,133.02,335.13,
2014-08-20,100.57,55.06,42.14,132.68,335.78,
2014-08-21,100.58,54.96,42.32,132.53,332.91,
2014-08-22,101.32,55.2,42.11,132.82,331.59,
2014-08-25,101.54,55.87,42.49,134.79,334.02,
2014-08-26,100.889,55.75,42.76,137.27,341.83,
2014-08-27,102.13,55.7,42.6,137.83,343.18,
2014-08-28,102.25,55.6,42.35,138.69,340.02,
2014-08-29,102.5,55.28,42.24,139.38,339.04,
2014-09-02,103.3,55.07,42.23,137.96,342.38,
2014-09-03,98.94,55.51,42.76,138.58,339.0,
2014-09-04,98.12,55.54,42.9,138.01,345.95,
2014-09-05,98.97,55.94,42.95,137.88,346.38,
2014-09-08,98.36,55.57,42.81,139.27,342.34,
2014-09-09,97.99,56.95,42.83,137.39,329.75,
2014-09-10,101.0,57.19,42.9,139.19,331.33,
2014-09-11,101.43,57.85,42.56,138.96,330.52,
2014-09-12,101.66,57.88,42.55,137.89,331.19,
2014-09-15,101.63,57.93,42.72,137.97,323.89,
2014-09-16,100.86,58.6,42.9,139.33,327.76,
2014-09-17,101.58,59.62,43.38,140.71,324.0,
2014-09-18,101.79,59.45,43.69,142.02,325.0,
2014-09-19,100.96,59.06,43.59,144.01,331.32,
2014-09-22,101.06,58.71,43.4,142.18,324.5,
2014-09-23,102.64,57.56,42.5,140.68,323.63,
2014-09-24,101.75,59.05,42.63,142.24,328.21,
2014-09-25,97.87,58.0,42.0,139.85,321.93,
2014-09-26,100.75,59.19,42.01,141.06,323.21,
2014-09-29,100.11,58.52,41.9,140.07,321.82,
2014-09-30,100.75,57.76,41.59,140.46,322.44,
2014-10-01,99.18,57.23,41.18,138.82,317.46,
2014-10-02,99.9,56.67,41.21,137.2,318.41,
2014-10-03,99.62,58.69,41.79,139.15,322.74,
2014-10-06,99.62,57.81,42.36,137.61,322.2,
2014-10-07,98.75,56.65,41.46,136.03,316.98,
2014-10-08,100.8,58.34,42.14,140.07,322.7,
2014-10-09,101.02,56.72,41.63,137.58,315.37,
2014-10-10,100.73,54.97,41.54,137.39,311.39,
2014-10-13,99.81,53.62,40.92,133.56,306.45,
2014-10-14,98.75,54.13,41.06,132.2,308.31,
2014-10-15,97.54,54.63,40.01,130.9,305.97,
2014-10-16,96.26,52.9,39.99,130.45,302.86,
2014-10-17,97.67,53.37,40.86,133.69,303.64,
2014-10-20,99.76,54.41,41.46,137.51,306.21,
2014-10-21,102.47,56.29,42.39,144.09,315.33,
2014-10-22,102.99,56.9,41.59,143.64,312.97,
2014-10-23,104.83,59.52,42.43,147.25,313.18,
2014-10-24,105.22,60.29,42.46,147.26,287.06,
2014-10-27,105.11,60.49,42.24,148.2,289.97,
2014-10-28,106.74,60.93,42.5,157.19,295.59,
2014-10-29,107.34,59.98,42.74,158.88,294.12,
2014-10-30,106.98,61.18,43.49,161.58,299.07,
2014-10-31,108.0,63.46,43.59,162.18,305.46,
2014-11-03,109.4,63.25,43.29,161.56,305.72,
2014-11-04,108.6,62.66,43.61,160.41,302.81,
2014-11-05,108.86,62.54,43.66,158.94,296.52,
2014-11-06,108.7,62.71,43.69,160.35,296.64,
2014-11-07,109.01,61.5,43.37,160.25,299.86,
2014-11-10,108.83,63.79,44.09,163.09,305.11,
2014-11-11,109.7,63.85,44.25,162.42,312.01,
2014-11-12,111.25,63.76,44.23,161.93,311.51,
2014-11-13,112.82,63.63,44.59,160.85,316.48,
2014-11-14,114.18,64.0,43.81,157.68,327.82,
2014-11-17,113.99,65.04,43.71,159.14,323.05,
2014-11-18,115.47,66.05,43.7,162.24,324.93,
2014-11-19,114.67,65.5,43.43,162.64,326.54,
2014-11-20,116.31,65.19,43.78,162.68,330.54,
2014-11-21,116.47,67.36,43.81,162.81,332.63,
2014-11-24,118.625,67.78,44.32,164.18,335.64,
2014-11-25,117.6,68.06,44.16,162.24,335.04,
2014-11-26,119.0,68.7,44.25,164.72,333.57,
2014-11-28,118.93,69.2,44.51,165.31,338.64,
2014-12-01,115.07,69.11,44.32,166.41,326.0,
2014-12-02,114.63,69.27,45.22,169.28,326.31,
2014-12-03,115.93,68.5,45.68,168.07,316.5,
2014-12-04,115.49,69.57,45.49,166.55,316.93,
2014-12-05,115.0,69.71,45.3,169.24,312.63,
2014-12-08,112.4,69.42,45.71,171.64,306.64,
2014-12-09,114.12,69.14,45.44,169.39,312.5,
2014-12-10,111.95,67.58,44.37,165.39,305.84,
2014-12-11,111.62,67.03,44.46,166.08,307.36,
2014-12-12,109.73,65.27,43.69,164.53,307.32,
2014-12-15,108.225,65.62,43.46,159.6,306.07,
2014-12-16,106.745,65.25,43.4,159.44,295.06,
2014-12-17,109.41,66.57,44.26,163.48,298.88,
2014-12-18,112.65,67.92,45.77,168.48,297.73,
2014-12-19,111.78,67.71,46.05,170.17,299.9,
2014-12-22,112.94,66.97,46.37,164.53,306.54,
2014-12-23,112.54,64.35,45.72,157.52,306.285,
2014-12-24,112.01,66.21,45.7,160.67,303.03,
2014-12-26,113.99,66.98,45.85,163.46,309.09,
2014-12-29,113.91,67.14,45.6,162.85,312.04,
2014-12-30,112.52,66.3,45.69,160.63,310.3,
2014-12-31,110.38,65.44,45.02,159.29,310.35,
2015-01-02,109.33,65.89,44.9,159.89,308.52,
2015-01-05,106.25,64.65,44.91,157.99,302.19,
2015-01-06,106.26,64.33,44.4,152.9,295.29,
2015-01-07,107.75,66.93,44.76,158.24,298.42,
2015-01-08,111.89,67.63,45.68,157.67,300.46,
2015-01-09,112.01,65.78,45.2,155.73,296.93,
2015-01-12,109.25,65.76,45.58,156.22,291.41,
2015-01-13,110.22,63.39,44.61,155.14,294.74,
2015-01-14,109.8,63.7,44.28,155.16,293.27,
2015-01-15,106.82,62.89,43.95,151.92,286.95,
2015-01-16,105.99,64.54,44.49,158.43,290.74,
2015-01-20,108.72,63.45,44.22,157.6,289.44,
2015-01-21,109.55,62.7,44.06,157.38,297.25,
2015-01-22,112.4,62.98,44.49,159.57,310.32,
2015-01-23,112.98,62.43,43.86,159.81,312.39,
2015-01-26,113.1,62.83,44.15,159.73,309.66,
2015-01-27,109.14,63.1,43.68,158.89,306.75,
2015-01-28,115.31,61.85,43.41,154.64,303.91,
2015-01-29,118.9,63.12,45.26,156.37,311.78,
2015-01-30,117.16,60.35,44.76,152.26,354.53,
2015-02-02,118.63,60.7,45.23,152.5,364.47,
2015-02-03,118.65,61.65,45.83,152.23,363.55,
2015-02-04,119.56,56.91,45.17,151.45,364.75,
2015-02-05,119.94,57.99,45.65,153.36,373.89,
2015-02-06,118.93,56.9,45.5,151.4,374.28,
2015-02-09,119.72,55.48,44.52,150.01,370.56,
2015-02-10,122.02,56.89,44.92,152.57,372.995,
2015-02-11,124.88,56.69,44.93,153.11,375.14,
2015-02-12,126.46,57.05,45.22,153.18,377.17,
2015-02-13,127.08,58.05,46.09,153.48,381.83,
2015-02-17,127.83,58.72,46.41,154.24,375.43,
2015-02-18,128.715,59.24,46.41,155.78,373.37,
2015-02-19,128.45,59.0,46.61,156.05,378.995,
2015-02-20,129.495,61.3,47.48,157.66,383.66,
2015-02-23,133.0,60.57,47.32,158.42,380.14,
2015-02-24,132.17,60.87,47.47,157.37,378.59,
2015-02-25,128.79,60.62,47.4,158.08,385.37,
2015-02-26,130.415,60.52,47.61,158.97,384.8,
2015-02-27,128.46,60.5,47.37,157.72,380.16,
2015-03-02,129.09,60.46,47.22,159.63,385.655,
2015-03-03,129.36,59.62,47.09,158.56,384.61,
2015-03-04,128.54,60.27,47.01,159.19,382.72,
2015-03-05,126.41,56.86,47.44,159.6,387.83,
2015-03-06,126.6,55.64,46.5,154.88,380.09,
2015-03-09,127.14,55.54,46.83,155.01,378.56,
2015-03-10,124.51,55.84,46.17,153.58,369.51,
2015-03-11,122.24,56.62,46.3,152.7,366.37,
2015-03-12,124.45,58.0,47.25,154.25,374.24,
2015-03-13,123.59,58.0,46.88,154.26,370.58,
2015-03-16,124.95,59.12,47.83,163.03,373.35,
2015-03-17,127.04,59.73,47.09,163.07,371.92,
2015-03-18,128.47,59.89,47.39,166.54,375.135,
2015-03-19,127.495,61.19,47.44,169.11,373.24,
2015-03-20,125.9,60.4,47.47,170.1,378.49,
2015-03-23,127.21,60.48,47.47,166.54,375.11,
2015-03-24,126.69,59.63,47.0,166.01,374.09,
2015-03-25,123.38,58.22,46.53,160.62,370.96,
2015-03-26,124.24,57.27,46.5,160.55,367.35,
2015-03-27,123.25,57.65,46.78,162.59,370.56,
2015-03-30,126.37,58.24,47.08,164.305,374.59,
2015-03-31,124.43,58.54,46.33,159.85,372.1,
2015-04-01,124.25,57.1,45.89,157.1,370.255,
2015-04-02,125.32,57.01,46.13,155.88,372.25,
2015-04-06,127.35,57.61,46.3,155.28,377.04,
2015-04-07,126.01,58.42,46.19,157.28,374.41,
2015-04-08,125.6,58.81,46.61,160.33,381.2,
2015-04-09,126.56,60.32,47.0,161.49,383.54,
2015-04-10,127.1,62.0,47.15,163.38,382.65,
2015-04-13,126.85,61.2,46.53,162.49,382.36,
2015-04-14,126.3,61.72,46.7,162.57,385.11,
2015-04-15,126.78,62.03,46.83,165.47,383.45,
2015-04-16,126.17,62.59,46.52,166.87,386.04,
2015-04-17,124.75,62.29,46.25,163.58,375.56,
2015-04-20,127.6,63.54,46.63,165.97,389.51,
2015-04-21,126.91,63.61,47.12,168.46,391.18,
2015-04-22,128.62,64.52,48.35,169.1,389.8,
2015-04-23,129.67,64.25,48.46,169.17,389.99,
2015-04-24,130.28,66.07,48.32,167.91,445.1,
2015-04-27,132.65,65.02,47.49,162.38,438.56,
2015-04-28,130.56,66.49,47.59,162.49,429.31,
2015-04-29,128.64,65.63,47.17,160.98,429.37,
2015-04-30,125.15,64.66,46.42,157.91,421.78,
2015-05-01,128.95,64.32,46.69,160.36,422.87,
2015-05-04,128.7,64.68,47.0,162.11,423.04,
2015-05-05,125.8,63.86,46.85,159.44,421.19,
2015-05-06,125.01,63.94,46.54,158.95,419.1,
2015-05-07,125.26,64.7,46.5,157.9,426.88,
2015-05-08,127.62,65.24,47.57,162.34,433.69,
2015-05-11,126.32,65.2,47.33,161.05,432.85,
2015-05-12,125.865,64.81,47.13,158.24,431.02,
2015-05-13,126.01,65.3,47.03,158.39,426.87,
2015-05-14,128.95,65.97,48.67,161.98,432.28,
2015-05-15,128.77,65.99,48.71,162.36,426.0,
2015-05-18,130.19,65.61,48.84,163.44,425.24,
2015-05-19,130.07,65.73,49.01,163.56,421.71,
2015-05-20,130.06,65.89,49.14,163.98,423.86,
2015-05-21,131.39,65.65,49.34,163.84,431.63,
2015-05-22,132.54,65.48,49.03,163.58,427.63,
2015-05-26,129.62,66.1,48.6,159.01,425.47,
2015-05-27,132.045,67.38,49.01,160.44,431.42,
2015-05-28,131.78,67.47,49.26,157.35,426.57,
2015-05-29,130.28,66.59,48.6,156.26,429.23,
2015-06-01,130.535,66.93,48.94,157.03,430.92,
2015-06-02,129.96,66.62,48.94,156.44,430.99,
2015-06-03,130.12,67.01,48.86,157.13,436.59,
2015-06-04,129.36,67.42,48.68,158.09,430.78,
2015-06-05,128.65,67.4,48.45,157.25,426.95,
2015-06-08,127.8,67.79,48.44,156.47,423.5,
2015-06-09,127.42,67.67,48.18,154.8,425.48,
2015-06-10,128.88,68.24,48.5,155.55,430.77,
2015-06-11,128.59,68.04,49.06,157.96,432.97,
2015-06-12,127.17,67.05,48.67,156.12,429.92,
2015-06-15,126.92,66.91,48.07,156.1,423.67,
2015-06-16,127.6,66.77,48.48,156.23,427.26,
2015-06-17,127.3,67.77,48.57,155.65,427.81,
2015-06-18,127.88,68.98,49.94,160.12,439.39,
2015-06-19,126.6,69.48,49.89,160.72,434.92,
2015-06-22,127.61,70.12,50.03,162.22,436.29,
2015-06-23,127.03,70.02,49.88,161.69,445.99,
2015-06-24,128.11,69.22,49.5,159.89,440.84,
2015-06-25,127.5,69.82,49.33,158.76,440.1,
2015-06-26,126.75,70.46,49.97,158.02,438.1,
2015-06-29,124.53,67.18,49.01,151.6,429.86,
2015-06-30,125.425,67.19,49.08,153.52,434.09,
2015-07-01,126.6,68.51,49.52,154.99,437.39,
2015-07-02,126.44,68.21,49.41,153.26,437.71,
2015-07-06,126.0,68.22,49.74,154.5,436.04,
2015-07-07,125.69,68.56,50.21,155.39,436.72,
2015-07-08,122.57,67.66,49.25,152.31,429.7,
2015-07-09,120.07,67.97,49.19,151.31,434.39,
2015-07-10,123.28,69.23,49.93,154.1,443.51,
2015-07-13,125.66,69.57,49.72,155.76,455.57,
2015-07-14,125.61,69.8,50.2,159.32,465.57,
2015-07-15,126.82,69.75,49.31,160.45,461.19,
2015-07-16,128.51,69.99,49.77,163.04,475.48,
2015-07-17,129.62,69.99,49.9,163.27,483.01,
2015-07-20,132.07,70.8,50.06,164.34,488.1,
2015-07-21,130.75,70.54,49.76,163.7,488.0,
2015-07-22,125.22,70.56,50.98,164.25,488.27,
2015-07-23,125.16,70.52,51.2,164.1,482.18,
2015-07-24,124.5,68.08,51.05,158.59,529.42,
2015-07-27,122.77,69.34,50.69,165.54,531.41,
2015-07-28,123.38,71.23,50.94,172.74,526.03,
2015-07-29,122.99,70.77,51.06,171.47,529.0,
2015-07-30,122.37,70.16,50.77,171.69,536.76,
2015-07-31,121.3,70.01,50.69,176.59,536.15,
2015-08-03,118.44,69.73,50.5,175.59,535.03,
2015-08-04,114.64,69.95,50.51,174.8,531.9,
2015-08-05,115.4,70.3,50.48,176.44,537.01,
2015-08-06,115.13,69.24,50.32,169.66,529.46,
2015-08-07,115.52,68.62,50.11,172.31,522.62,
2015-08-10,119.72,69.21,50.66,170.6,524.0,
2015-08-11,113.49,68.25,50.39,168.56,527.46,
2015-08-12,115.24,68.75,50.09,170.62,525.91,
2015-08-13,115.15,68.54,49.84,168.58,529.66,
2015-08-14,115.96,68.65,50.23,167.72,531.52,
2015-08-17,117.16,69.37,50.38,169.79,535.22,
2015-08-18,116.5,68.86,50.44,167.72,535.02,
2015-08-19,115.01,68.59,49.84,166.57,532.92,
2015-08-20,112.65,67.48,48.53,161.15,515.78,
2015-08-21,105.76,65.9,47.13,155.19,494.47,
2015-08-24,103.12,63.45,43.7,147.64,463.37,
2015-08-25,103.74,60.71,42.9,145.19,466.37,
2015-08-26,109.69,63.14,43.98,153.98,500.77,
2015-08-27,112.92,64.51,45.64,155.72,518.37,
2015-08-28,113.29,63.98,46.02,155.89,518.01,
2015-08-31,112.76,62.41,45.29,151.78,512.89,
2015-09-01,107.72,60.5,43.57,147.46,496.54,
2015-09-02,112.34,60.98,44.24,152.29,510.55,
2015-09-03,110.37,61.58,44.14,149.23,504.72,
2015-09-04,109.27,59.77,43.07,147.02,499.0,
2015-09-08,112.31,60.57,44.04,154.56,517.54,
2015-09-09,110.15,59.26,43.23,151.08,516.89,
2015-09-10,112.57,59.58,43.12,153.14,522.24,
2015-09-11,114.21,59.35,43.41,153.21,529.44,
2015-09-14,115.31,58.94,43.17,151.0,521.38,
2015-09-15,116.28,59.2,43.81,152.14,522.37,
2015-09-16,116.41,59.51,43.86,151.18,527.39,
2015-09-17,113.92,59.86,44.24,153.91,538.87,
2015-09-18,113.45,61.22,43.33,150.59,540.26,
2015-09-21,115.21,59.39,43.3,147.09,548.39,
2015-09-22,113.4,57.74,42.48,145.93,538.4,
2015-09-23,114.32,57.43,42.2,145.72,536.07,
2015-09-24,115.0,56.57,41.94,143.51,533.75,
2015-09-25,114.71,55.74,40.86,138.53,524.25,
2015-09-28,112.44,52.5,39.06,132.24,504.06,
2015-09-29,109.06,52.79,39.5,133.82,496.07,
2015-09-30,109.95,54.41,40.22,138.18,511.67,
2015-10-01,109.58,55.13,40.76,140.23,520.72,
2015-10-02,110.38,55.82,41.38,142.47,532.54,
2015-10-05,110.78,56.68,41.39,143.8,543.68,
2015-10-06,111.31,55.08,39.89,141.22,537.48,
2015-10-07,110.78,55.63,40.63,148.05,541.94,
2015-10-08,109.5,56.04,41.16,149.9,533.16,
2015-10-09,112.12,55.64,41.89,149.59,539.8,
2015-10-12,111.6,55.77,41.57,153.03,550.19,
2015-10-13,111.79,53.8,40.92,147.58,548.9,
2015-10-14,110.21,53.94,40.72,147.81,544.83,
2015-10-15,111.86,56.14,41.87,152.54,562.44,
2015-10-16,111.04,56.53,42.22,152.61,570.76,
2015-10-19,111.73,56.16,42.15,154.47,573.15,
2015-10-20,113.77,54.83,41.74,150.45,560.88,
2015-10-21,113.76,53.83,42.2,150.09,555.77,
2015-10-22,115.5,48.27,43.5,152.31,563.91,
2015-10-23,119.08,50.34,43.6,155.75,599.03,
2015-10-26,115.28,51.87,43.61,158.58,608.61,
2015-10-27,114.55,52.58,43.88,161.98,611.01,
2015-10-28,119.27,53.26,44.76,162.67,617.1,
2015-10-29,120.53,54.1,45.24,160.58,626.55,
2015-10-30,119.5,59.55,44.8,158.18,625.9,
2015-11-02,121.18,63.38,45.43,162.31,628.35,
2015-11-03,122.57,62.43,45.51,162.46,625.31,
2015-11-04,122.0,63.8,45.18,161.88,640.95,
2015-11-05,120.92,62.77,45.18,161.22,655.65,
2015-11-06,121.06,64.13,45.63,160.46,659.37,
2015-11-09,120.57,63.23,45.05,159.63,655.49,
2015-11-10,116.77,62.3,45.76,158.37,659.68,
2015-11-11,116.11,60.86,45.07,156.86,673.25,
2015-11-12,115.72,60.23,44.19,150.98,665.6,
2015-11-13,112.34,59.86,43.96,151.55,642.35,
2015-11-16,114.175,60.01,44.88,154.5,647.81,
2015-11-17,113.69,60.38,44.77,157.6,643.3,
2015-11-18,117.29,60.99,45.8,160.92,663.54,
2015-11-19,118.78,60.55,45.73,159.49,661.27,
2015-11-20,119.3,61.11,46.01,159.91,668.45,
2015-11-23,117.75,61.15,45.44,162.47,678.99,
2015-11-24,118.88,61.13,45.45,162.78,671.15,
2015-11-25,118.03,60.29,45.41,163.95,675.34,
2015-11-27,117.81,60.0,45.42,163.52,673.26,
2015-11-30,118.3,58.15,44.92,161.1,664.8,
2015-12-01,117.34,59.02,45.46,161.98,679.06,
2015-12-02,116.28,57.72,45.22,160.52,676.01,
2015-12-03,115.2,56.12,44.15,154.65,666.25,
2015-12-04,119.03,57.18,45.3,161.43,672.64,
2015-12-07,118.28,56.27,45.56,158.3,669.83,
2015-12-08,118.23,56.67,45.55,159.35,677.33,
2015-12-09,115.62,56.03,44.96,157.89,664.79,
2015-12-10,116.17,55.78,45.31,159.67,662.32,
2015-12-11,113.18,54.04,44.36,155.15,640.15,
2015-12-14,112.48,55.44,44.81,158.11,657.91,
2015-12-15,110.49,56.39,45.59,162.615,658.64,
2015-12-16,111.34,57.63,46.05,164.58,675.77,
2015-12-17,108.98,56.38,45.26,161.43,670.65,
2015-12-18,106.03,55.74,43.7,158.8,664.14,
2015-12-21,107.33,56.2,44.04,159.28,664.51,
2015-12-22,107.23,57.59,44.48,162.3,663.15,
2015-12-23,108.61,58.58,45.1,162.72,663.7,
2015-12-24,108.03,58.46,45.1,163.55,662.79,
2015-12-28,106.82,58.75,45.03,161.73,675.2,
2015-12-29,108.74,59.45,45.82,164.44,693.97,
2015-12-30,107.32,59.8,45.27,163.29,689.07,
2015-12-31,105.26,59.24,44.91,162.33,675.89,
2016-01-04,105.35,57.61,42.93,158.34,636.99,
2016-01-05,102.71,57.37,42.92,158.17,633.79,
2016-01-06,100.7,57.38,42.56,156.72,632.65,
2016-01-07,96.45,57.21,41.54,152.98,607.94,
2016-01-08,96.96,55.65,40.67,150.705,607.05,
2016-01-11,98.53,53.88,40.73,147.69,617.74,
2016-01-12,99.96,54.84,41.46,150.79,617.89,
2016-01-13,97.39,51.18,40.28,145.46,581.81,
2016-01-14,99.52,54.56,41.1,153.16,593.0,
2016-01-15,97.13,57.34,40.54,151.3,570.18,
2016-01-19,96.66,54.99,40.43,151.3,574.48,
2016-01-20,96.79,57.15,39.96,155.02,571.77,
2016-01-21,96.3,58.36,39.48,152.78,575.02,
2016-01-22,101.42,58.83,40.03,156.08,596.38,
2016-01-25,99.44,58.65,39.66,153.43,596.53,
2016-01-26,99.99,58.26,40.16,153.78,601.25,
2016-01-27,93.42,57.11,40.47,150.47,583.35,
2016-01-28,94.09,55.85,36.71,148.35,635.35,
2016-01-29,97.34,54.9,37.85,152.73,587.0,
2016-02-01,96.43,54.39,38.45,152.75,574.81,
2016-02-02,94.48,53.95,37.88,150.11,552.1,
2016-02-03,96.35,56.84,38.02,150.69,531.07,
2016-02-04,96.6,56.76,38.01,149.91,536.26,
2016-02-05,94.02,53.12,37.41,145.04,502.13,
2016-02-08,95.01,52.89,37.46,143.0,488.1,
2016-02-09,94.99,53.48,37.0,143.16,482.07,
2016-02-10,94.27,52.72,37.21,144.81,490.48,
2016-02-11,93.7,52.18,36.34,141.46,503.82,
2016-02-12,93.99,52.58,37.13,144.72,507.08,
2016-02-16,96.64,53.51,37.99,147.15,521.1,
2016-02-17,98.12,55.01,38.45,151.07,534.1,
2016-02-18,96.26,54.55,38.31,149.3,525.0,
2016-02-19,96.04,54.29,38.53,150.12,534.9,
2016-02-22,96.88,55.28,39.16,148.56,559.5,
2016-02-23,94.69,55.07,38.39,147.26,552.94,
2016-02-24,96.1,54.89,39.2,147.11,554.04,
2016-02-25,96.76,56.2,39.63,146.75,555.15,
2016-02-26,96.91,56.0,39.52,147.6,555.23,
2016-02-29,96.69,54.61,38.74,142.28,552.52,
2016-03-01,100.53,56.34,39.33,148.39,579.04,
2016-03-02,100.75,55.7,39.34,147.49,580.21,
2016-03-03,101.5,55.93,38.82,145.84,577.49,
2016-03-04,103.01,56.15,39.18,145.98,575.14,
2016-03-07,101.87,56.4,39.18,147.31,562.8,
2016-03-08,101.03,55.32,39.17,144.63,560.26,
2016-03-09,101.12,56.39,39.28,140.9,559.47,
2016-03-10,101.17,56.23,39.03,141.03,558.93,
2016-03-11,102.26,57.73,40.37,144.57,569.61,
2016-03-14,102.52,57.21,40.5,144.62,573.37,
2016-03-15,104.58,55.62,39.9,143.21,577.02,
2016-03-16,105.97,56.31,40.18,143.98,574.27,
2016-03-17,105.8,55.32,40.29,144.13,559.44,
2016-03-18,105.92,56.57,40.79,145.51,552.08,
2016-03-21,105.91,56.01,40.76,147.01,553.98,
2016-03-22,106.72,57.5,41.03,150.62,560.48,
2016-03-23,106.13,56.36,40.78,148.76,569.63,
2016-03-24,105.67,56.12,40.75,149.24,582.95,
2016-03-28,105.19,56.11,40.88,148.37,579.87,
2016-03-29,107.68,57.05,41.47,149.49,593.86,
2016-03-30,109.56,57.0,41.65,149.48,598.69,
2016-03-31,108.99,57.12,41.83,149.93,593.64,
2016-04-01,109.99,57.42,42.19,154.16,598.5,
2016-04-04,111.12,59.21,42.32,154.66,593.19,
2016-04-05,109.81,58.54,42.04,152.95,586.14,
2016-04-06,110.96,59.89,43.05,159.66,602.08,
2016-04-07,108.54,59.3,42.61,157.38,591.43,
2016-04-08,108.66,58.47,42.37,156.46,594.6,
2016-04-11,109.02,58.5,42.48,156.39,595.93,
2016-04-12,110.44,59.89,42.82,158.6,603.17,
2016-04-13,112.04,59.06,43.35,160.06,614.82,
2016-04-14,112.1,59.28,43.51,160.12,620.75,
2016-04-15,109.85,59.51,43.41,160.13,625.89,
2016-04-18,107.48,59.88,43.95,161.7,635.35,
2016-04-19,106.91,60.17,43.85,162.1,627.9,
2016-04-20,107.13,60.48,43.97,162.76,632.99,
2016-04-21,105.97,61.37,43.88,164.35,631.0,
2016-04-22,105.68,61.42,44.08,163.19,620.5,
2016-04-25,105.08,60.97,44.01,163.46,626.2,
2016-04-26,104.35,60.93,43.88,162.85,616.88,
2016-04-27,97.82,60.7,43.83,161.0,606.57,
2016-04-28,94.83,61.2,40.42,160.56,602.0,
2016-04-29,93.74,61.0,38.9,158.3,659.59,
2016-05-02,93.64,61.44,38.85,158.99,683.85,
2016-05-03,95.18,61.77,38.55,156.35,671.32,
2016-05-04,94.19,61.46,38.1,154.18,670.9,
2016-05-05,93.24,62.34,38.5,154.25,659.09,
2016-05-06,92.72,62.51,37.97,153.19,673.95,
2016-05-09,92.79,63.7,37.98,155.41,679.75,
2016-05-10,93.42,63.74,38.1,157.24,703.07,
2016-05-11,92.51,62.7,38.01,154.18,713.23,
2016-05-12,90.34,62.49,38.0,152.9,717.93,
2016-05-13,90.52,62.0,37.6,152.35,709.92,
2016-05-16,93.88,62.45,38.25,153.27,710.66,
2016-05-17,93.49,60.25,37.71,150.11,695.27,
2016-05-18,94.56,60.46,37.75,150.83,697.45,
2016-05-19,94.2,59.28,37.24,148.67,698.52,
2016-05-20,95.22,59.69,37.6,150.18,702.8,
2016-05-23,96.43,59.3,37.37,149.3,696.75,
2016-05-24,97.9,60.7,37.98,152.72,704.2,
2016-05-25,99.62,61.22,38.68,155.57,708.35,
2016-05-26,100.41,61.9,38.89,155.55,714.91,
2016-05-27,100.35,62.71,39.3,156.74,712.24,
2016-05-31,99.86,62.93,39.63,157.95,722.79,
2016-06-01,98.46,62.83,39.5,158.05,719.44,
2016-06-02,97.72,65.09,39.53,159.87,728.24,
2016-06-03,97.92,65.0,39.18,159.19,725.54,
2016-06-06,98.63,62.82,39.17,160.19,726.73,
2016-06-07,99.03,63.1,38.93,158.89,723.74,
2016-06-08,98.94,61.73,38.91,158.0,726.64,
2016-06-09,99.65,60.75,38.87,156.78,727.65,
2016-06-10,98.83,61.0,38.4,154.78,717.91,
2016-06-13,97.34,59.93,37.86,153.08,715.24,
2016-06-14,97.46,59.9,37.66,152.99,719.3,
2016-06-15,97.14,60.4,37.43,151.9,714.26,
2016-06-16,97.55,60.9,37.5,152.3,717.51,
2016-06-17,95.33,60.01,37.39,149.62,706.39,
2016-06-20,95.1,60.11,37.75,150.65,714.01,
2016-06-21,95.91,59.98,37.73,149.42,715.82,
2016-06-22,95.55,60.39,38.74,149.81,710.6,
2016-06-23,96.1,61.31,39.63,152.27,722.08,
2016-06-24,93.4,59.86,37.91,146.45,698.96,
2016-06-27,92.04,58.68,36.95,144.58,691.36,
2016-06-28,93.59,59.99,37.56,148.42,707.95,
2016-06-29,94.4,61.81,38.57,150.1,715.6,
2016-06-30,95.6,61.91,39.31,152.15,715.62,
2016-07-01,95.89,62.71,39.54,154.28,725.68,
2016-07-05,94.99,61.92,39.44,154.27,728.1,
2016-07-06,95.53,63.37,40.83,156.05,737.61,
2016-07-07,95.94,63.43,41.36,156.59,736.57,
2016-07-08,96.68,64.16,41.89,161.1,745.81,
2016-07-11,96.98,64.35,42.12,160.18,753.78,
2016-07-12,97.42,65.5,42.47,161.96,748.21,
2016-07-13,96.87,64.77,41.97,160.52,742.63,
2016-07-14,98.79,63.62,42.28,162.74,741.2,
2016-07-15,98.78,63.32,42.1,163.28,735.44,
2016-07-18,99.83,63.56,42.09,162.93,736.07,
2016-07-19,99.87,63.32,41.8,162.49,739.95,
2016-07-20,99.96,63.41,42.65,163.25,745.72,
2016-07-21,99.43,63.89,43.04,164.19,744.43,
2016-07-22,98.66,63.81,43.17,165.67,744.86,
2016-07-25,97.34,64.32,43.41,166.56,739.61,
2016-07-26,96.67,64.45,43.6,167.67,735.59,
2016-07-27,102.95,64.9,43.67,170.68,736.67,
2016-07-28,104.34,64.72,44.45,171.28,752.61,
2016-07-29,104.21,66.23,44.75,172.03,758.81,
2016-08-01,106.05,66.94,45.29,174.16,767.74,
2016-08-02,104.48,66.78,45.07,174.15,760.58,
2016-08-03,105.79,66.57,44.95,173.43,754.64,
2016-08-04,105.87,66.1,44.81,172.67,760.77,
2016-08-05,107.48,66.54,45.26,173.66,765.98,
2016-08-08,108.37,66.34,45.02,172.34,766.56,
2016-08-09,108.81,66.76,45.08,172.08,768.31,
2016-08-10,108.0,66.43,44.81,171.23,768.56,
2016-08-11,107.93,66.95,45.05,172.43,771.24,
2016-08-12,108.18,67.19,45.04,173.02,772.56,
2016-08-15,109.48,67.39,45.15,174.58,768.49,
2016-08-16,109.38,66.74,44.92,172.16,764.04,
2016-08-17,109.22,66.83,44.68,174.31,764.63,
2016-08-18,109.08,66.77,44.36,174.75,764.46,
2016-08-19,109.36,67.1,44.24,173.62,757.31,
2016-08-22,108.51,67.01,44.17,174.35,759.48,
2016-08-23,108.85,66.17,43.9,174.4,762.45,
2016-08-24,108.03,65.06,43.17,170.84,757.25,
2016-08-25,107.57,64.72,42.84,170.23,759.22,
2016-08-26,106.94,64.61,42.98,171.97,769.0,
2016-08-29,106.82,64.51,43.25,171.51,771.29,
2016-08-30,106.0,64.16,42.83,170.76,767.58,
2016-08-31,106.1,64.1,42.02,170.06,769.16,
2016-09-01,106.73,64.03,42.3,170.13,770.62,
2016-09-02,107.73,64.12,42.09,169.77,772.44,
2016-09-06,107.7,64.61,42.16,170.84,788.87,
2016-09-07,108.36,64.97,41.9,170.63,784.48,
2016-09-08,105.52,64.06,41.85,170.97,784.06,
2016-09-09,103.13,63.36,41.01,166.55,760.14,
2016-09-12,105.44,64.08,41.42,172.04,771.49,
2016-09-13,107.95,63.34,40.64,169.3,761.01,
2016-09-14,111.77,63.34,40.81,170.14,761.09,
2016-09-15,115.57,63.35,41.12,172.64,769.69,
2016-09-16,114.92,63.27,41.87,172.96,778.52,
2016-09-19,113.58,62.91,41.68,171.38,775.1,
2016-09-20,113.57,63.28,41.58,173.38,780.22,
2016-09-21,113.55,64.1,41.92,173.85,789.74,
2016-09-22,114.62,65.08,42.22,175.62,804.7,
2016-09-23,112.71,64.98,42.19,174.8,805.75,
2016-09-26,112.88,64.07,41.68,173.53,799.16,
2016-09-27,113.09,64.57,42.33,171.63,816.11,
2016-09-28,113.95,64.22,42.29,169.71,828.72,
2016-09-29,112.18,62.82,41.44,165.45,829.05,
2016-09-30,113.05,63.07,42.29,166.81,837.31,
2016-10-03,112.52,63.23,42.55,167.34,836.74,
2016-10-04,113.0,63.0,42.1,167.55,834.03,
2016-10-05,113.05,63.39,42.74,167.24,844.36,
2016-10-06,113.89,62.83,42.97,166.9,841.66,
2016-10-07,114.06,62.93,42.97,167.5,839.43,
2016-10-10,116.05,63.31,43.5,168.31,841.71,
2016-10-11,116.3,62.39,41.16,164.32,831.0,
2016-10-12,117.34,61.21,40.98,163.88,834.09,
2016-10-13,116.98,61.15,40.98,164.29,829.28,
2016-10-14,117.63,60.17,40.79,161.9,822.96,
2016-10-17,117.55,60.14,40.59,162.62,812.95,
2016-10-18,117.47,61.55,41.17,162.8,817.65,
2016-10-19,117.12,61.43,40.01,161.08,817.69,
2016-10-20,117.06,61.76,40.74,161.5,810.32,
2016-10-21,116.6,60.98,40.5,158.51,818.99,
2016-10-24,117.65,61.12,40.41,158.76,838.09,
2016-10-25,118.25,61.55,40.19,157.895,835.18,
2016-10-26,115.59,61.02,39.96,158.99,822.59,
2016-10-27,114.48,61.46,40.29,160.57,818.36,
2016-10-28,113.72,57.6,39.54,145.18,776.32,
2016-10-31,113.54,55.78,39.24,141.16,789.82,
2016-11-01,111.49,56.45,39.05,140.76,785.41,
2016-11-02,111.59,56.79,38.7,138.7,765.56,
2016-11-03,109.83,55.89,38.38,135.22,767.03,
2016-11-04,108.84,56.04,39.09,135.4,755.05,
2016-11-07,110.41,58.91,39.86,139.21,784.93,
2016-11-08,111.06,58.81,39.83,138.45,787.75,
2016-11-09,110.88,62.64,40.07,146.42,771.88,
2016-11-10,107.79,64.0,40.61,151.57,742.38,
2016-11-11,108.43,63.1,40.14,149.04,739.01,
2016-11-14,105.71,62.97,39.2,146.42,719.07,
2016-11-15,107.11,62.87,39.81,147.06,743.24,
2016-11-16,109.99,61.54,39.95,147.23,746.49,
2016-11-17,109.95,61.7,40.39,147.36,756.4,
2016-11-18,110.06,60.52,39.84,145.23,760.16,
2016-11-21,111.73,60.42,39.76,145.55,780.0,
2016-11-22,111.8,58.93,38.1,144.33,785.33,
2016-11-23,111.23,60.18,38.98,145.03,780.12,
2016-11-25,111.79,60.51,39.16,145.43,780.37,
2016-11-28,111.57,59.46,38.74,145.07,766.77,
2016-11-29,111.46,61.59,38.73,146.0,762.52,
2016-11-30,110.52,60.8,38.07,144.07,750.57,
2016-12-01,109.49,59.16,37.6,142.39,743.65,
2016-12-02,109.9,59.43,37.9,144.01,740.34,
2016-12-05,109.11,60.86,38.43,145.29,759.36,
2016-12-06,109.95,61.62,38.42,145.11,764.72,
2016-12-07,111.03,59.99,38.48,141.19,770.42,
2016-12-08,112.12,60.9,38.68,140.59,767.33,
2016-12-09,113.95,61.54,39.2,143.45,768.66,
2016-12-12,113.3,62.04,39.2,145.76,760.12,
2016-12-13,115.19,61.99,39.44,148.37,774.34,
2016-12-14,115.19,61.67,38.82,148.69,768.82,
2016-12-15,115.82,62.02,38.93,150.39,761.0,
2016-12-16,115.97,62.22,38.1,149.37,757.77,
2016-12-19,116.64,62.22,38.34,147.74,766.0,
2016-12-20,116.95,62.16,38.19,147.22,771.22,
2016-12-21,117.06,61.45,38.24,146.17,770.6,
2016-12-22,116.29,61.66,38.29,146.36,766.34,
2016-12-23,116.52,62.34,38.42,147.55,760.59,
2016-12-27,117.26,62.5,38.6,148.36,771.4,
2016-12-28,116.76,62.27,38.22,147.67,772.13,
2016-12-29,116.73,62.73,38.31,147.78,765.15,
2016-12-30,115.82,62.62,38.41,146.21,749.87,
2017-01-03,116.15,62.41,39.05,150.73,753.67,
2017-01-04,116.02,63.29,39.36,152.87,757.18,
2017-01-05,116.61,63.77,39.7,152.98,780.45,
2017-01-06,117.91,63.79,40.78,156.78,795.99,
2017-01-09,118.99,64.21,40.74,158.84,796.92,
2017-01-10,119.11,64.07,41.29,158.76,795.9,
2017-01-11,119.75,61.14,41.08,156.62,799.02,
2017-01-12,119.25,61.28,40.72,155.36,813.64,
2017-01-13,119.04,61.99,40.93,156.12,817.14,
2017-01-17,120.0,61.86,40.9,154.8,809.72,
2017-01-18,119.99,61.66,40.76,155.77,807.48,
2017-01-19,119.78,61.38,40.4,153.8,809.04,
2017-01-20,120.0,61.15,40.46,154.67,808.33,
2017-01-23,120.08,60.96,40.34,152.72,817.88,
2017-01-24,119.97,60.58,40.31,151.85,822.44,
2017-01-25,121.88,61.38,40.31,154.1,836.52,
2017-01-26,121.94,61.27,40.96,152.98,839.15,
2017-01-27,121.95,60.0,41.0,157.16,835.77,
2017-01-30,121.63,60.43,41.01,154.43,830.38,
2017-01-31,121.35,61.11,41.77,156.68,823.48,
2017-02-01,128.75,60.89,42.33,159.67,832.35,
2017-02-02,128.53,60.89,42.75,159.58,839.95,
2017-02-03,129.08,60.67,42.78,167.53,810.2,
2017-02-06,130.29,60.65,42.43,166.58,807.64,
2017-02-07,131.53,60.56,42.89,166.82,812.5,
2017-02-08,132.04,60.52,42.4,168.12,819.71,
2017-02-09,132.42,60.84,42.54,167.47,821.36,
2017-02-10,132.12,60.42,42.74,167.89,827.46,
2017-02-13,133.29,60.51,43.22,167.66,836.53,
2017-02-14,135.02,60.82,43.65,168.05,836.39,
2017-02-15,135.51,61.65,44.0,171.79,842.7,
2017-02-16,135.345,61.48,44.2,172.11,844.14,
2017-02-17,135.72,61.77,44.69,173.29,845.07,
2017-02-21,136.7,61.83,45.01,173.14,856.44,
2017-02-22,137.11,61.36,45.01,172.61,855.61,
2017-02-23,136.53,61.94,45.4,174.01,852.19,
2017-02-24,136.66,62.09,45.68,174.56,845.24,
2017-02-27,136.93,62.22,45.46,176.13,848.64,
2017-02-28,136.99,61.84,45.08,176.53,845.04,
2017-03-01,139.79,62.83,45.59,178.24,853.08,
2017-03-02,138.96,63.25,45.69,178.07,848.91,
2017-03-03,139.78,63.34,45.25,180.2,849.88,
2017-03-06,139.34,63.55,45.13,179.46,846.61,
2017-03-07,139.52,63.69,45.0,177.38,846.02,
2017-03-08,139.0,64.14,45.36,177.78,850.5,
2017-03-09,138.68,64.5,45.63,178.92,853.0,
2017-03-10,139.14,65.88,45.72,181.44,852.46,
2017-03-13,139.2,65.85,45.53,181.05,854.59,
2017-03-14,138.99,65.67,44.8,180.12,852.53,
2017-03-15,140.46,66.55,45.32,182.6,852.97,
2017-03-16,140.69,65.9,44.98,180.11,853.42,
2017-03-17,139.99,65.69,45.19,168.61,852.31,
2017-03-20,141.46,65.8,44.98,169.24,856.97,
2017-03-21,139.84,65.35,44.8,166.85,843.2,
2017-03-22,141.42,65.52,44.81,167.45,848.06,
2017-03-23,140.92,65.65,44.77,166.04,847.38,
2017-03-24,140.64,65.62,44.73,165.74,845.61,
2017-03-27,140.88,66.1,44.7,164.91,846.82,
2017-03-28,143.8,65.98,44.7,164.71,856.0,
2017-03-29,144.12,65.77,44.67,163.06,874.32,
2017-03-30,143.93,65.46,44.55,164.38,876.34,
2017-03-31,143.66,65.16,44.41,164.07,886.54,
2017-04-03,143.7,65.03,44.47,163.89,891.51,
2017-04-04,144.77,65.11,44.18,164.36,906.83,
2017-04-05,144.02,64.96,43.8,162.24,909.28,
2017-04-06,143.66,65.08,43.67,162.25,898.28,
2017-04-07,143.34,65.54,43.83,163.38,894.88,
2017-04-10,143.17,64.97,43.59,162.79,907.04,
2017-04-11,141.63,64.18,43.58,163.11,902.36,
2017-04-12,141.8,64.37,43.48,163.05,896.23,
2017-04-13,141.05,64.13,42.67,161.61,884.67,
2017-04-17,141.83,64.31,43.31,162.11,901.99,
2017-04-18,141.2,63.65,43.43,161.25,903.78,
2017-04-19,140.68,63.45,43.59,161.26,899.2,
2017-04-20,142.44,63.78,43.98,162.04,902.06,
2017-04-21,142.27,63.82,43.53,160.41,898.53,
2017-04-24,143.64,64.66,44.13,163.14,907.41,
2017-04-25,144.54,65.11,43.76,164.7,907.62,
2017-04-26,143.6508,65.04,43.8,164.61,909.29,
2017-04-27,143.79,66.07,43.65,162.8125,918.76,
2017-04-28,143.65,65.94,43.64,163.32,924.99,
2017-05-01,146.6,66.48,43.48,162.6,948.43,
2017-05-02,147.51,66.63,43.6,163.46,946.68,
2017-05-03,147.06,66.74,43.72,163.81,941.03,
2017-05-04,146.53,67.23,44.59,164.29,937.53,
2017-05-05,148.96,66.99,44.64,163.81,934.15,
2017-05-08,153.0,66.21,44.68,163.03,949.04,
2017-05-09,153.96,66.17,44.67,163.22,952.82,
2017-05-10,153.26,65.98,44.5,160.51,948.95,
2017-05-11,153.95,65.3,43.86,160.08,947.62,
2017-05-12,156.1,66.06,43.96,160.22,961.35,
2017-05-15,155.7,66.67,44.04,159.97,957.97,
2017-05-16,155.47,66.85,43.69,159.99,966.07,
2017-05-17,150.25,65.37,43.08,157.06,944.52,
2017-05-18,152.54,65.63,42.98,157.96,958.49,
2017-05-19,152.96,65.58,43.16,156.51,959.84,
2017-05-22,153.99,65.44,43.73,153.02,970.7,
2017-05-23,153.8,65.84,43.68,154.07,971.54,
2017-05-24,153.34,65.93,43.53,154.6,980.35,
2017-05-25,153.87,66.32,43.95,155.43,993.38,
2017-05-26,153.61,66.06,44.71,155.01,995.78,
2017-05-30,153.67,66.02,45.0,153.85,996.7,
2017-05-31,152.76,66.02,45.66,155.24,994.62,
2017-06-01,153.18,66.71,46.1,156.24,995.95,
2017-06-02,155.45,67.25,46.5,159.15,1006.73,
2017-06-05,153.93,67.51,46.62,160.22,1011.34,
2017-06-06,154.45,67.87,46.36,159.57,1002.97,
2017-06-07,155.37,68.75,46.56,161.66,1010.07,
2017-06-08,154.99,68.76,46.72,162.73,1009.94,
2017-06-09,148.98,69.67,47.29,164.06,978.31,
2017-06-12,145.32,69.53,47.17,164.88,964.83,
2017-06-13,146.59,69.67,47.46,164.43,980.79,
2017-06-14,145.16,70.52,47.64,165.1,976.47,
2017-06-15,144.29,70.6,48.12,164.11,964.17,
2017-06-16,142.27,71.05,48.21,162.42,987.71,
2017-06-19,146.34,71.34,48.89,165.09,995.17,
2017-06-20,145.01,71.22,48.77,166.29,992.59,
2017-06-21,145.87,71.34,48.57,171.35,1002.23,
2017-06-22,145.63,73.18,49.27,173.82,1001.3,
2017-06-23,146.35,72.64,49.08,172.5,1003.74,
2017-06-26,145.82,72.74,48.91,173.67,993.98,
2017-06-27,143.74,72.39,48.67,170.85,976.78,
2017-06-28,145.83,72.92,48.48,174.07,990.33,
2017-06-29,143.68,72.48,48.73,172.59,975.93,
2017-06-30,144.02,72.51,48.61,172.23,968.0,
2017-07-03,143.5,72.42,48.71,172.8,953.66,
2017-07-05,144.09,72.48,49.0,174.26,971.4,
2017-07-06,142.73,71.73,47.94,171.72,965.14,
2017-07-07,144.18,72.03,48.44,171.43,978.76,
2017-07-10,145.06,71.83,48.23,172.2,996.47,
2017-07-11,145.53,71.84,48.15,173.32,994.13,
2017-07-12,145.74,71.88,48.43,173.27,1006.51,
2017-07-13,147.77,72.63,48.08,175.04,999.855,
2017-07-14,149.04,73.11,48.91,177.13,1001.81,
2017-07-17,149.56,72.7,48.76,177.4,1010.04,
2017-07-18,150.08,72.23,48.74,177.48,1024.38,
2017-07-19,151.02,72.77,49.43,179.18,1026.87,
2017-07-20,150.34,74.01,50.85,179.32,1028.7,
2017-07-21,150.27,74.63,50.84,180.21,1025.67,
2017-07-24,152.09,73.91,50.8,181.06,1038.95,
2017-07-25,152.74,72.52,50.83,180.89,1039.87,
2017-07-26,153.46,72.59,50.4,175.89,1052.8,
2017-07-27,150.56,71.73,50.11,172.15,1046.0,
2017-07-28,149.5,70.44,49.61,174.54,1020.04,
2017-07-31,148.85,69.91,49.18,174.51,987.78,
2017-08-01,150.05,70.38,49.15,174.13,996.19,
2017-08-02,157.14,70.71,49.23,174.46,995.89,
2017-08-03,155.57,70.99,49.16,174.18,986.92,
2017-08-04,156.39,70.99,49.26,173.85,987.58,
2017-08-07,,71.22,49.3,174.58,,
2017-08-08,160.08,71.47,48.88,173.69,989.84,
2017-08-09,161.06,72.02,48.77,173.55,982.01,
2017-08-10,155.27,70.44,48.06,169.11,956.92,
2017-08-11,157.48,70.63,48.54,169.43,967.99,
2017-08-14,159.85,70.82,49.08,171.67,983.3,
2017-08-15,161.6,70.34,48.82,170.04,982.74,
2017-08-16,160.95,70.42,49.81,171.39,978.18,
2017-08-17,157.87,69.85,49.29,167.81,960.57,
2017-08-18,157.5,69.96,48.74,167.29,958.47,
2017-08-21,157.21,70.7,48.88,168.16,953.29,
2017-08-22,159.78,71.75,49.71,170.07,966.9,
2017-08-23,159.98,71.52,49.64,169.0,958.0,
2017-08-24,159.27,72.11,49.38,169.95,952.45,
2017-08-25,159.86,72.48,49.35,169.74,945.26,
2017-08-28,161.47,73.32,50.26,171.78,946.02,
2017-08-29,162.91,73.89,50.15,172.23,954.06,
2017-08-30,163.35,73.92,50.11,173.65,967.59,
2017-08-31,164.0,75.3,50.94,177.77,980.6,
2017-09-01,164.05,75.42,51.18,178.71,978.25,
2017-09-05,162.08,75.25,51.03,176.74,965.27,
2017-09-06,161.91,77.05,51.19,178.38,967.8,
2017-09-07,161.26,81.78,51.49,180.71,979.47,
2017-09-08,158.63,85.34,52.02,180.64,965.9,
2017-09-11,161.5,87.0,52.45,186.49,977.96,
2017-09-12,160.82,87.75,52.25,191.0,982.58,
2017-09-13,159.65,88.47,52.0,189.7,999.6,
2017-09-14,158.28,89.22,51.69,189.44,992.21,
2017-09-15,159.88,87.37,51.76,187.47,986.79,
2017-09-18,158.67,85.32,52.08,186.47,974.19,
2017-09-19,158.73,86.37,51.41,186.32,969.86,
2017-09-20,156.07,87.41,51.89,188.17,973.21,
2017-09-21,153.39,87.41,51.43,186.64,964.65,
2017-09-22,151.89,87.48,52.51,185.76,955.1,
2017-09-25,150.55,86.57,52.61,186.29,939.79,
2017-09-26,153.14,85.35,52.85,185.6,938.6,
2017-09-27,154.23,84.75,52.15,184.87,950.87,
2017-09-28,153.28,88.96,53.64,185.46,956.4,
2017-09-29,154.12,88.86,53.36,186.45,961.35,
2017-10-02,153.81,90.39,53.68,187.17,959.19,
2017-10-03,154.48,89.7,53.75,187.23,957.1,
2017-10-04,153.4508,89.9,54.34,188.59,965.45,
2017-10-05,155.39,90.18,54.92,186.85,980.85,
2017-10-06,155.3,90.49,55.0,185.82,989.58,
2017-10-09,155.84,90.78,54.66,185.455,990.99,
2017-10-10,155.9,91.17,55.4,185.79,987.2,
2017-10-11,156.55,92.38,54.44,184.15,995.0,
2017-10-12,156.0,91.42,54.71,182.76,1000.93,
2017-10-13,156.99,90.67,54.65,183.01,1002.94,
2017-10-16,159.88,91.04,54.63,181.9,1006.34,
2017-10-17,160.47,92.17,55.06,186.19,1009.13,
2017-10-18,159.76,96.04,55.77,186.28,997.0,
2017-10-19,155.98,96.48,56.0,184.12,986.61,
2017-10-20,156.16,96.1,56.32,182.96,982.91,
2017-10-23,156.17,94.51,56.08,180.53,966.3,
2017-10-24,157.1,91.69,55.38,180.37,975.9,
2017-10-25,156.405,91.79,55.5,177.5,972.91,
2017-10-26,157.41,89.56,55.48,176.52,972.43,
2017-10-27,163.05,91.93,55.37,175.28,1100.95,
2017-10-30,166.72,90.96,54.29,174.59,1110.85,
2017-10-31,169.04,90.25,54.23,175.22,1105.28,
2017-11-01,166.89,92.44,54.0,175.42,1103.68,
2017-11-02,168.11,91.02,54.37,172.41,1094.22,
2017-11-03,172.5,92.31,55.47,173.44,1111.6,
2017-11-06,174.25,,,170.8,1120.66,
2017-11-07,174.81,93.96,55.16,173.48,1123.17,
2017-11-09,175.88,95.89,55.45,174.0,1129.13,
2017-11-10,174.67,95.43,54.8,172.35,1125.35,
2017-11-13,173.97,95.12,55.3,171.5,1129.17,
2017-11-14,171.34,94.75,55.01,170.13,1136.84,
2017-11-15,169.08,93.76,54.83,169.38,1126.69,
2017-11-16,171.1,94.47,55.54,170.77,1137.29,
2017-11-17,170.15,93.61,55.56,170.0,1129.88,
2017-11-20,169.98,93.6,55.29,168.79,1126.31,
2017-11-21,173.14,94.68,56.12,169.84,1139.49,
2017-11-22,174.96,94.47,55.8,169.96,1156.16,
2017-11-24,174.97,94.72,56.13,170.12,1186.0,
2017-11-27,174.09,95.42,56.15,169.71,1195.83,
2017-11-28,173.07,95.42,56.02,170.26,1193.6,
2017-11-29,169.48,95.82,55.58,172.23,1161.27,
2017-11-30,171.85,96.92,56.37,175.66,1176.75,
2017-12-01,171.05,96.32,55.98,177.2,1162.35,
2017-12-04,169.8,95.22,54.71,178.69,1133.95,
2017-12-05,169.64,95.41,54.79,178.67,1141.57,
2017-12-06,169.01,94.4,54.66,176.22,1152.35,
2017-12-07,169.452,94.24,54.69,173.96,1159.79,
2017-12-08,169.37,95.95,54.64,175.41,1162.0,
2017-12-11,172.67,96.47,54.94,176.83,1168.92,
2017-12-12,171.7,96.3,55.7,176.26,1165.08,
2017-12-13,172.27,97.35,55.06,177.38,1164.13,
2017-12-14,172.22,96.3,54.73,174.92,1174.26,
2017-12-15,173.87,97.45,55.5,176.9,1179.14,
2017-12-18,176.42,98.19,56.4,176.14,1190.58,
2017-12-19,174.54,97.92,56.8,176.87,1187.38,
2017-12-20,174.35,97.41,57.02,177.11,1177.62,
2017-12-21,175.01,97.91,56.93,176.68,1174.76,
2017-12-22,175.01,98.21,56.93,176.42,1168.36,
2017-12-26,170.57,97.75,57.0,176.09,1176.76,
2017-12-27,170.6,98.09,57.47,176.21,1182.26,
2017-12-28,171.08,97.79,57.46,175.22,1186.1,
2017-12-29,169.23,96.71,57.07,173.9,1169.47,
2018-01-02,172.26,98.41,58.79,177.0,1189.01,
2018-01-03,172.23,99.95,58.92,180.34,1204.2,
2018-01-04,173.03,99.38,58.82,179.58,1209.59,
2018-01-05,175.0,101.11,58.99,180.65,1229.14,
2018-01-08,174.35,99.49,58.82,180.6,1246.87,
2018-01-09,174.33,100.24,58.92,183.38,1252.7,
2018-01-10,174.29,99.69,58.83,182.86,1254.33,
2018-01-11,175.28,99.27,58.95,181.96,1276.68,
2018-01-12,177.09,100.34,58.84,185.04,1305.2,
2018-01-16,176.19,102.49,58.44,185.54,1304.86,
2018-01-17,179.1,104.36,58.99,188.01,1295.0,
2018-01-18,179.26,103.81,59.07,187.59,1293.32,
2018-01-19,178.46,104.64,59.31,189.28,1294.58,
2018-01-22,177.0,106.49,59.57,192.33,1327.31,
2018-01-23,177.04,105.38,59.23,191.99,1362.54,
2018-01-24,174.22,105.51,61.72,190.63,1357.51,
2018-01-25,171.11,108.3,63.22,190.08,1377.95,
2018-01-26,171.51,123.21,63.42,196.01,1402.05,
2018-01-29,167.96,122.31,63.31,198.0,1417.68,
2018-01-30,166.97,115.88,62.44,191.27,1437.82,
2018-01-31,167.43,112.22,62.16,186.05,1451.65,
2018-02-01,167.78,116.34,62.18,185.56,1390.0,
2018-02-02,160.37,115.17,61.69,187.01,1431.0,
2018-02-05,157.49,109.51,58.73,175.01,1396.62,
2018-02-06,163.03,111.2,58.86,176.65,1442.84,
2018-02-07,159.54,113.62,58.67,177.47,1416.78,
2018-02-08,155.32,108.48,56.27,173.17,1350.47,
2018-02-09,155.97,111.3,57.17,173.15,1338.99,
2018-02-12,162.71,111.93,57.41,174.87,1386.23,
2018-02-13,164.34,111.86,57.64,175.94,1414.51,
2018-02-14,167.37,113.08,58.28,179.52,1451.05,
2018-02-15,172.99,114.9,59.5,183.6,1461.76,
2018-02-16,172.43,118.6,60.17,183.55,1448.69,
2018-02-20,171.85,117.98,59.12,182.98,1468.35,
2018-02-21,171.07,117.91,58.99,182.43,1482.92,
2018-02-22,172.6,117.56,58.99,182.45,1484.76,
2018-02-23,175.555,118.75,59.71,186.67,1500.0,
2018-02-26,178.97,121.54,60.53,188.5,1521.95,
2018-02-27,178.39,118.26,60.55,185.79,1511.98,
2018-02-28,178.12,115.83,60.33,183.77,1512.45,
2018-03-01,175.0,113.84,58.79,183.29,1493.45,
2018-03-02,176.21,115.04,59.46,185.08,1500.25,
2018-03-05,176.82,115.66,60.37,190.13,1523.61,
2018-03-06,176.67,114.56,60.88,190.35,1537.64,
2018-03-07,175.03,114.72,61.29,187.53,1545.0,
2018-03-08,176.94,117.01,61.87,187.16,1551.86,
2018-03-09,179.98,119.29,63.6,191.1,1578.89,
2018-03-12,181.72,118.3,63.62,189.3,1598.39,
2018-03-13,179.97,119.75,63.2,189.75,1588.18,
2018-03-14,178.44,118.94,62.86,190.57,1591.0,
2018-03-15,178.65,114.93,62.59,189.75,1582.32,
2018-03-16,178.02,113.71,63.18,188.24,1571.68,
2018-03-19,175.3,112.03,62.26,182.55,1544.93,
